machine	run	cell	domain	budget	arm	seed	lr	data	pretrain	epochs
B	g1_c5_d15tod15_base100_30p_s42	c5	d15tod15	30p	base100	42	0.001	/root/datasets_mask/dota15_yolo/dota15_30p.yaml	/workspace/weights/dota15_pretrain.pt	100
B	g1_c5_d15tod15_base100_30p_s43	c5	d15tod15	30p	base100	43	0.001	/root/datasets_mask/dota15_yolo/dota15_30p.yaml	/workspace/weights/dota15_pretrain.pt	100
B	g1_c5_d15tod15_base100_30p_s44	c5	d15tod15	30p	base100	44	0.001	/root/datasets_mask/dota15_yolo/dota15_30p.yaml	/workspace/weights/dota15_pretrain.pt	100
B	g1_c5_d15tod15_base100_30p_s45	c5	d15tod15	30p	base100	45	0.001	/root/datasets_mask/dota15_yolo/dota15_30p.yaml	/workspace/weights/dota15_pretrain.pt	100
B	g1_c5_d15tod15_base100_30p_s46	c5	d15tod15	30p	base100	46	0.001	/root/datasets_mask/dota15_yolo/dota15_30p.yaml	/workspace/weights/dota15_pretrain.pt	100
B	g1_c5_d15tod15_base100_30p_s47	c5	d15tod15	30p	base100	47	0.001	/root/datasets_mask/dota15_yolo/dota15_30p.yaml	/workspace/weights/dota15_pretrain.pt	100
B	g1_c5_d15tod15_base100_30p_s48	c5	d15tod15	30p	base100	48	0.001	/root/datasets_mask/dota15_yolo/dota15_30p.yaml	/workspace/weights/dota15_pretrain.pt	100
B	g1_c5_d15tod15_base100_30p_s49	c5	d15tod15	30p	base100	49	0.001	/root/datasets_mask/dota15_yolo/dota15_30p.yaml	/workspace/weights/dota15_pretrain.pt	100
B	g1_c5_d15tod15_base100_30p_s50	c5	d15tod15	30p	base100	50	0.001	/root/datasets_mask/dota15_yolo/dota15_30p.yaml	/workspace/weights/dota15_pretrain.pt	100
B	g1_c5_d15tod15_base100_30p_s51	c5	d15tod15	30p	base100	51	0.001	/root/datasets_mask/dota15_yolo/dota15_30p.yaml	/workspace/weights/dota15_pretrain.pt	100
B	g1_c5_d15tod15_strat100_30p_s42	c5	d15tod15	30p	strat100	42	0.005	/root/datasets_mask/dota15_yolo/dota15_30p.yaml	/workspace/weights/dota15_pretrain.pt	100
B	g1_c5_d15tod15_strat100_30p_s43	c5	d15tod15	30p	strat100	43	0.005	/root/datasets_mask/dota15_yolo/dota15_30p.yaml	/workspace/weights/dota15_pretrain.pt	100
B	g1_c5_d15tod15_strat100_30p_s44	c5	d15tod15	30p	strat100	44	0.005	/root/datasets_mask/dota15_yolo/dota15_30p.yaml	/workspace/weights/dota15_pretrain.pt	100
B	g1_c5_d15tod15_strat100_30p_s45	c5	d15tod15	30p	strat100	45	0.005	/root/datasets_mask/dota15_yolo/dota15_30p.yaml	/workspace/weights/dota15_pretrain.pt	100
B	g1_c5_d15tod15_strat100_30p_s46	c5	d15tod15	30p	strat100	46	0.005	/root/datasets_mask/dota15_yolo/dota15_30p.yaml	/workspace/weights/dota15_pretrain.pt	100
B	g1_c5_d15tod15_strat100_30p_s47	c5	d15tod15	30p	strat100	47	0.005	/root/datasets_mask/dota15_yolo/dota15_30p.yaml	/workspace/weights/dota15_pretrain.pt	100
B	g1_c5_d15tod15_strat100_30p_s48	c5	d15tod15	30p	strat100	48	0.005	/root/datasets_mask/dota15_yolo/dota15_30p.yaml	/workspace/weights/dota15_pretrain.pt	100
B	g1_c5_d15tod15_strat100_30p_s49	c5	d15tod15	30p	strat100	49	0.005	/root/datasets_mask/dota15_yolo/dota15_30p.yaml	/workspace/weights/dota15_pretrain.pt	100
B	g1_c5_d15tod15_strat100_30p_s50	c5	d15tod15	30p	strat100	50	0.005	/root/datasets_mask/dota15_yolo/dota15_30p.yaml	/workspace/weights/dota15_pretrain.pt	100
B	g1_c5_d15tod15_strat100_30p_s51	c5	d15tod15	30p	strat100	51	0.005	/root/datasets_mask/dota15_yolo/dota15_30p.yaml	/workspace/weights/dota15_pretrain.pt	100
A	g1_c7_d15toaitod_base100_30p_s42	c7	d15toaitod	30p	base100	42	0.001	/root/datasets/AI-TOD_yolo/aitod_30p.yaml	/workspace/weights/dota15_pretrain.pt	100
A	g1_c7_d15toaitod_base100_30p_s43	c7	d15toaitod	30p	base100	43	0.001	/root/datasets/AI-TOD_yolo/aitod_30p.yaml	/workspace/weights/dota15_pretrain.pt	100
A	g1_c7_d15toaitod_base100_30p_s44	c7	d15toaitod	30p	base100	44	0.001	/root/datasets/AI-TOD_yolo/aitod_30p.yaml	/workspace/weights/dota15_pretrain.pt	100
A	g1_c7_d15toaitod_base100_30p_s45	c7	d15toaitod	30p	base100	45	0.001	/root/datasets/AI-TOD_yolo/aitod_30p.yaml	/workspace/weights/dota15_pretrain.pt	100
A	g1_c7_d15toaitod_base100_30p_s46	c7	d15toaitod	30p	base100	46	0.001	/root/datasets/AI-TOD_yolo/aitod_30p.yaml	/workspace/weights/dota15_pretrain.pt	100
A	g1_c7_d15toaitod_base100_30p_s47	c7	d15toaitod	30p	base100	47	0.001	/root/datasets/AI-TOD_yolo/aitod_30p.yaml	/workspace/weights/dota15_pretrain.pt	100
A	g1_c7_d15toaitod_base100_30p_s48	c7	d15toaitod	30p	base100	48	0.001	/root/datasets/AI-TOD_yolo/aitod_30p.yaml	/workspace/weights/dota15_pretrain.pt	100
A	g1_c7_d15toaitod_base100_30p_s49	c7	d15toaitod	30p	base100	49	0.001	/root/datasets/AI-TOD_yolo/aitod_30p.yaml	/workspace/weights/dota15_pretrain.pt	100
A	g1_c7_d15toaitod_base100_30p_s50	c7	d15toaitod	30p	base100	50	0.001	/root/datasets/AI-TOD_yolo/aitod_30p.yaml	/workspace/weights/dota15_pretrain.pt	100
A	g1_c7_d15toaitod_base100_30p_s51	c7	d15toaitod	30p	base100	51	0.001	/root/datasets/AI-TOD_yolo/aitod_30p.yaml	/workspace/weights/dota15_pretrain.pt	100
A	g1_c7_d15toaitod_strat100_30p_s42	c7	d15toaitod	30p	strat100	42	0.005	/root/datasets/AI-TOD_yolo/aitod_30p.yaml	/workspace/weights/dota15_pretrain.pt	100
A	g1_c7_d15toaitod_strat100_30p_s43	c7	d15toaitod	30p	strat100	43	0.005	/root/datasets/AI-TOD_yolo/aitod_30p.yaml	/workspace/weights/dota15_pretrain.pt	100
A	g1_c7_d15toaitod_strat100_30p_s44	c7	d15toaitod	30p	strat100	44	0.005	/root/datasets/AI-TOD_yolo/aitod_30p.yaml	/workspace/weights/dota15_pretrain.pt	100
A	g1_c7_d15toaitod_strat100_30p_s45	c7	d15toaitod	30p	strat100	45	0.005	/root/datasets/AI-TOD_yolo/aitod_30p.yaml	/workspace/weights/dota15_pretrain.pt	100
A	g1_c7_d15toaitod_strat100_30p_s46	c7	d15toaitod	30p	strat100	46	0.005	/root/datasets/AI-TOD_yolo/aitod_30p.yaml	/workspace/weights/dota15_pretrain.pt	100
A	g1_c7_d15toaitod_strat100_30p_s47	c7	d15toaitod	30p	strat100	47	0.005	/root/datasets/AI-TOD_yolo/aitod_30p.yaml	/workspace/weights/dota15_pretrain.pt	100
A	g1_c7_d15toaitod_strat100_30p_s48	c7	d15toaitod	30p	strat100	48	0.005	/root/datasets/AI-TOD_yolo/aitod_30p.yaml	/workspace/weights/dota15_pretrain.pt	100
A	g1_c7_d15toaitod_strat100_30p_s49	c7	d15toaitod	30p	strat100	49	0.005	/root/datasets/AI-TOD_yolo/aitod_30p.yaml	/workspace/weights/dota15_pretrain.pt	100
A	g1_c7_d15toaitod_strat100_30p_s50	c7	d15toaitod	30p	strat100	50	0.005	/root/datasets/AI-TOD_yolo/aitod_30p.yaml	/workspace/weights/dota15_pretrain.pt	100
A	g1_c7_d15toaitod_strat100_30p_s51	c7	d15toaitod	30p	strat100	51	0.005	/root/datasets/AI-TOD_yolo/aitod_30p.yaml	/workspace/weights/dota15_pretrain.pt	100
