run,cell,domain,arm,budget,seed,epochs,ntrain,data,val_map
g1_c3_d15toaitod_base100_10p_s42,g1_c3,d15toaitod,base100,10p,42,100,1121,aitod_10p.yaml,0.08274
g1_c3_d15toaitod_base100_10p_s43,g1_c3,d15toaitod,base100,10p,43,100,1121,aitod_10p.yaml,0.08075
g1_c3_d15toaitod_base100_10p_s44,g1_c3,d15toaitod,base100,10p,44,100,1121,aitod_10p.yaml,0.08357
g1_c3_d15toaitod_base100_10p_s45,g1_c3,d15toaitod,base100,10p,45,100,1121,aitod_10p.yaml,0.08239
g1_c3_d15toaitod_base100_10p_s46,g1_c3,d15toaitod,base100,10p,46,100,1121,aitod_10p.yaml,0.08149
g1_c3_d15toaitod_base100_10p_s47,g1_c3,d15toaitod,base100,10p,47,100,1121,aitod_10p.yaml,0.07941
g1_c3_d15toaitod_base100_10p_s48,g1_c3,d15toaitod,base100,10p,48,100,1121,aitod_10p.yaml,0.08214
g1_c3_d15toaitod_base100_10p_s49,g1_c3,d15toaitod,base100,10p,49,100,1121,aitod_10p.yaml,0.08339
g1_c3_d15toaitod_base100_10p_s50,g1_c3,d15toaitod,base100,10p,50,100,1121,aitod_10p.yaml,0.08162
g1_c3_d15toaitod_base100_10p_s51,g1_c3,d15toaitod,base100,10p,51,100,1121,aitod_10p.yaml,0.08274
g1_c3_d15toaitod_strat100_10p_s42,g1_c3,d15toaitod,strat100,10p,42,100,1121,aitod_10p.yaml,0.0853
g1_c3_d15toaitod_strat100_10p_s43,g1_c3,d15toaitod,strat100,10p,43,100,1121,aitod_10p.yaml,0.08345
g1_c3_d15toaitod_strat100_10p_s44,g1_c3,d15toaitod,strat100,10p,44,100,1121,aitod_10p.yaml,0.08584
g1_c3_d15toaitod_strat100_10p_s45,g1_c3,d15toaitod,strat100,10p,45,100,1121,aitod_10p.yaml,0.08551
g1_c3_d15toaitod_strat100_10p_s46,g1_c3,d15toaitod,strat100,10p,46,100,1121,aitod_10p.yaml,0.08468
g1_c3_d15toaitod_strat100_10p_s47,g1_c3,d15toaitod,strat100,10p,47,100,1121,aitod_10p.yaml,0.08621
g1_c3_d15toaitod_strat100_10p_s48,g1_c3,d15toaitod,strat100,10p,48,100,1121,aitod_10p.yaml,0.08617
g1_c3_d15toaitod_strat100_10p_s49,g1_c3,d15toaitod,strat100,10p,49,100,1121,aitod_10p.yaml,0.08765
g1_c3_d15toaitod_strat100_10p_s50,g1_c3,d15toaitod,strat100,10p,50,100,1121,aitod_10p.yaml,0.08547
g1_c3_d15toaitod_strat100_10p_s51,g1_c3,d15toaitod,strat100,10p,51,100,1121,aitod_10p.yaml,0.08688
g1_c4_d15toaitod_base100_50p_s42,g1_c4,d15toaitod,base100,50p,42,100,5607,aitod_50p.yaml,0.12245
g1_c4_d15toaitod_base100_50p_s43,g1_c4,d15toaitod,base100,50p,43,100,5607,aitod_50p.yaml,0.12126
g1_c4_d15toaitod_base100_50p_s44,g1_c4,d15toaitod,base100,50p,44,100,5607,aitod_50p.yaml,0.12393
g1_c4_d15toaitod_base100_50p_s45,g1_c4,d15toaitod,base100,50p,45,100,5607,aitod_50p.yaml,0.12574
g1_c4_d15toaitod_base100_50p_s46,g1_c4,d15toaitod,base100,50p,46,100,5607,aitod_50p.yaml,0.12523
g1_c4_d15toaitod_base100_50p_s47,g1_c4,d15toaitod,base100,50p,47,100,5607,aitod_50p.yaml,0.12255
g1_c4_d15toaitod_base100_50p_s48,g1_c4,d15toaitod,base100,50p,48,100,5607,aitod_50p.yaml,0.12391
g1_c4_d15toaitod_base100_50p_s49,g1_c4,d15toaitod,base100,50p,49,100,5607,aitod_50p.yaml,0.12576
g1_c4_d15toaitod_base100_50p_s50,g1_c4,d15toaitod,base100,50p,50,100,5607,aitod_50p.yaml,0.12516
g1_c4_d15toaitod_base100_50p_s51,g1_c4,d15toaitod,base100,50p,51,100,5607,aitod_50p.yaml,0.12342
g1_c4_d15toaitod_strat100_50p_s42,g1_c4,d15toaitod,strat100,50p,42,100,5607,aitod_50p.yaml,0.13246
g1_c4_d15toaitod_strat100_50p_s43,g1_c4,d15toaitod,strat100,50p,43,100,5607,aitod_50p.yaml,0.13398
g1_c4_d15toaitod_strat100_50p_s44,g1_c4,d15toaitod,strat100,50p,44,100,5607,aitod_50p.yaml,0.13354
g1_c4_d15toaitod_strat100_50p_s45,g1_c4,d15toaitod,strat100,50p,45,100,5607,aitod_50p.yaml,0.13796
g1_c4_d15toaitod_strat100_50p_s46,g1_c4,d15toaitod,strat100,50p,46,100,5607,aitod_50p.yaml,0.13562
g1_c4_d15toaitod_strat100_50p_s47,g1_c4,d15toaitod,strat100,50p,47,100,5607,aitod_50p.yaml,0.14076
g1_c4_d15toaitod_strat100_50p_s48,g1_c4,d15toaitod,strat100,50p,48,100,5607,aitod_50p.yaml,0.1364
g1_c4_d15toaitod_strat100_50p_s49,g1_c4,d15toaitod,strat100,50p,49,100,5607,aitod_50p.yaml,0.1353
g1_c4_d15toaitod_strat100_50p_s50,g1_c4,d15toaitod,strat100,50p,50,100,5607,aitod_50p.yaml,0.13273
g1_c4_d15toaitod_strat100_50p_s51,g1_c4,d15toaitod,strat100,50p,51,100,5607,aitod_50p.yaml,0.13447
