pair,family,lb,ep,n,delta,sd,mde,resolvable,t
aitod→aitod20,r10,,30,10,-1.195,0.48150804770014,0.478962668565022,True,-7.84809687387519
aitod→dota15,a2d15,20,100,10,3.54,0.185472369909914,0.184491913814186,True,60.3564990431369
aitod→visdrone,aitod,20,100,3,0.14,0.17578395831247,0.544316810672808,False,1.37946098943001
aitod→visdrone,mech,20,200,10,-0.0550000000000003,0.141519531435692,0.140771421691216,False,-1.22898422249438
aitod→visdrone,r10,20,100,10,0.186,0.179084089497395,0.178137403544761,True,3.28439922520238
aitod→visdrone,t1b,20,100,10,0.168,0.119238323444176,0.118607998069448,True,4.45546894289411
chv→gdut_hwd,cg,,30,3,0.736666666666667,0.0602771377334163,0.186648768650531,True,21.1679609033877
chv→gdut_hwd,s2hv,10,30,3,2.63,0.504678115237823,1.5627409050279,True,9.02613663316771
chv→gdut_hwd,s2hv,10,100,3,-0.290000000000001,0.580430874437257,1.79731009258599,False,-0.865382522392464
chv→gdut_hwd,s2hv,20,30,3,2.22,0.1552417469626,0.480707644776954,True,24.7688065100766
chv→gdut_hwd,s2hv,20,100,3,-0.113333333333334,0.84854777905156,2.62753680842603,False,-0.231335343006709
chv→gdut_hwd,s2hv,30,30,3,1.36,0.517976833458791,1.60392052094716,False,4.54767268752972
chv→gdut_hwd,s2hv,30,100,3,-1.73333333333333,0.642910050732864,1.99077749598942,False,-4.66973785269615
chv→gdut_hwd,s2hv,40,30,3,0.589999999999996,0.963794583923358,2.98439970917229,False,1.06029852575608
chv→gdut_hwd,s2hv,40,100,3,-1.00333333333333,0.492172056636025,1.52401576766288,False,-3.53092843616259
chv→gdut_hwd,s2hv,50,30,3,0.410000000000001,0.927146158919936,2.87091748926128,False,0.765942698754756
chv→gdut_hwd,s2hv,50,100,3,-0.59,1.0267911179982,3.17946911618896,False,-0.995246217612328
dota15→aitod,t1a,20,100,10,0.147,0.255910140479036,0.254557331662752,False,1.81647673349166
dota15→aitod20,d15,,100,9,0.277777777777778,0.230259515426495,0.245218221457443,True,3.61910486865137
dota15→aitod20,r10,,100,10,0.322,0.389752057937693,0.387691725278909,False,2.61256710730954
dota15→aitod20,r15b,,100,3,0.12,0.0529150262212925,0.16385191564661,False,3.92792202424782
dota15→dota15,dota15,20,100,10,1.113,0.0871843512971864,0.0867234717132198,True,40.3698024175239
dota15→dota15,g3,20,100,5,1.034,0.131263094584883,0.218221764126134,True,17.6141991474963
dota15→dota15,g3,20,200,5,0.967999999999999,0.200673864765695,0.333615514106752,True,10.7862267203907
dota15→dota15,g3clean,20,50,5,0.572,0.431821722473522,0.717893314675898,False,2.96194196948558
dota15→dota15,g3clean,20,100,5,1.034,0.131263094584883,0.218221764126134,True,17.6141991474963
dota15→dota15,g3clean,20,200,5,0.967999999999999,0.200673864765695,0.333615514106752,True,10.7862267203907
dota15→dota15,g3clean,20,400,5,0.65,0.343292877875438,0.570716221942119,True,4.23383145717995
dota15→dota15,g3cleanb,20,50,5,0.476,0.359485743806343,0.597636475352835,False,2.96080825353476
dota15→dota15,g3cleanb,20,400,5,0.748,0.223091909310939,0.370884978493469,True,7.49726358224247
dota15→dota15,g3ext,20,50,5,0.476,0.359485743806343,0.597636475352835,False,2.96080825353476
dota15→dota15,g3ext,20,400,5,0.748,0.223091909310939,0.370884978493469,True,7.49726358224247
dota15→dota15,r10,20,30,10,-0.0309999999999996,0.567106691901974,0.564108815650792,False,-0.172860960494826
dota15→g,g1p,,100,5,-4.438,1.24357146959875,2.06740790906221,True,-7.97997535867079
dota15→g2_val_large,g2,,100,5,1.096,0.322614320822868,0.536338614025243,True,7.59647153011955
dota15→g2_val_small,g2,,100,5,0.982,0.405487361085399,0.674113066941946,True,5.4152581920854
dota→data,dd15,,30,3,2.13666666666667,0.2720906711619,0.84253152427825,True,13.6014043028452
dota→data,dd15,,200,3,1.74333333333333,0.241315837303176,0.747236938948742,True,12.5128211293822
dota→dota,r10,20,30,10,-0.850000000000001,0.61340579282125,0.610163167253796,True,-4.38198667603129
dota→dota15,t1d,20,100,10,0.727,0.12193349735728,0.121288924579052,True,18.8543419877979
fsin→firesmoke20,r10,,30,10,-3.939,0.841314447754227,0.836867036643208,True,-14.8056552893551
fsin→smoke_keremberke,s2sm,10,30,3,1.93333333333334,0.270061721340386,0.836248860567273,True,12.3995046194615
fsin→smoke_keremberke,s2sm,10,100,3,2.60666666666667,0.110604400153579,0.34248764742775,True,40.8200677260015
fsin→smoke_keremberke,s2sm,20,30,3,1.77333333333333,0.508166639335299,1.57354315529535,True,6.04428389102136
fsin→smoke_keremberke,s2sm,20,100,3,2.62,0.0692820323027571,0.214532516061177,True,65.4999999999981
fsin→smoke_keremberke,s2sm,30,30,3,1.53666666666666,0.150111069989305,0.46482045146588,True,17.7307692307689
fsin→smoke_keremberke,s2sm,30,100,3,2.70333333333334,0.42500980380849,1.31604717025708,True,11.0169474707876
fsin→smoke_keremberke,s2sm,40,30,3,1.65666666666667,0.159478316185409,0.493826224365739,True,17.9926080642616
fsin→smoke_keremberke,s2sm,40,100,3,2.13,0.251197133741607,0.777834473640269,True,14.6867448890426
fsin→smoke_keremberke,s2sm,50,30,3,1.29333333333333,0.290057465570757,0.898165885482354,True,7.72301805798302
fsin→smoke_keremberke,s2sm,50,100,3,2.00666666666667,0.258134331953992,0.799315578299763,True,13.4644957693618
mafa→mask_clean,s2mk,10,30,3,-0.856666666666665,0.185022521151701,0.572924114252309,True,-8.01951126047387
mafa→mask_clean,s2mk,10,100,3,-0.800000000000001,1.38719140712448,4.29545226861102,False,-0.998882085729906
mafa→mask_clean,s2mk,20,30,3,-2.22333333333333,0.895563137547167,2.77312034309349,False,-4.30000536426946
mafa→mask_clean,s2mk,20,100,3,-1.8,1.54690012605857,4.78999193742604,False,-2.01544456626797
mafa→mask_clean,s2mk,30,30,3,-0.840000000000004,1.36165340670818,4.21637359117648,False,-1.06849707215521
mafa→mask_clean,s2mk,30,100,3,-1.38666666666667,0.447697814751568,1.38630082636769,True,-5.3647282624366
mafa→mask_clean,s2mk,40,30,3,-0.793333333333335,0.395010548382357,1.22315417141423,False,-3.47862518177928
mafa→mask_clean,s2mk,40,100,3,-0.286666666666672,0.387599449604012,1.20020562884335,False,-1.28101634821813
mafa→mask_clean,s2mk,50,30,3,-0.849999999999999,0.520864665724215,1.61286272286117,False,-2.82653687860842
mafa→mask_clean,s2mk,50,100,3,-0.43666666666667,1.32824445541223,4.11292243447303,False,-0.569419920826007
mafa→mende,mende,20,100,10,-0.791999999999998,0.734571681699991,0.730688541136135,True,-3.40950239336374
mafa→mende20,r10,,100,10,-1.244,1.23727478309747,1.23073422072817,True,-3.17946624548604
mask→mask20,r10,,30,10,-2.027,1.17903962802123,1.17280691211341,True,-5.43657453474996
mask→mende,t2,20,100,10,-1.156,1.20536946848489,1.19899756606323,False,-3.03275723397043
mask→mende20,r10,,100,13,-1.17,1.24496318553334,1.05362756323473,True,-3.38844958735519
mendein→mende,mendein,20,30,3,-1.38666666666667,0.756989652064897,2.34402613913067,False,-3.1728004646792
mendein→mende,mendein,20,100,10,-1.768,1.17945185008404,1.17321695506116,True,-4.74025870812728
mendein→mende20,g4,,100,13,-2.37461538461538,1.13124279286555,0.957384604720796,True,-7.5684880228483
mendein→mende20,r10,,30,10,-2.225,1.77693400115042,1.76754065715002,True,-3.95966748867395
pcb→neu_det,pn,,30,3,1.68666666666667,0.583809329604566,1.80777151329426,False,5.00401794551359
pcb→neu_det,pn,,200,3,0.543333333333333,1.33612624154057,4.13732846519943,False,0.704335346107722
pcb→neu_det,s2df,10,30,10,12.139,4.20224133317236,4.18002717193191,True,9.13486053591427
pcb→neu_det,s2df,10,100,10,2.381,1.74673950229818,1.73750577441996,True,4.31053577190791
pcb→neu_det,s2df,20,30,10,8.229,2.2635539902257,2.25158824401345,True,11.4962501349177
pcb→neu_det,s2df,20,100,10,1.06,0.824580701528561,0.820221749434371,True,4.06511371605558
pcb→neu_det,s2df,30,30,10,3.299,1.17677950356046,1.17055873526945,True,8.86517310110466
pcb→neu_det,s2df,30,100,10,-0.0420000000000003,1.19771820095083,1.19138674515687,False,-0.110890576449147
pcb→neu_det,s2df,40,30,10,2.192,1.07900983416381,1.07330590225326,True,6.42414221966834
pcb→neu_det,s2df,40,100,10,-0.507,1.10152470088812,1.09570174942584,False,-1.45550505804609
pcb→neu_det,s2df,50,30,10,1.425,0.893174737165753,0.888453178822429,True,5.04520053941437
pcb→neu_det,s2df,50,100,10,-0.01,1.05225683387871,1.04669432541694,False,-0.0300523366383087
shwd2sf→gdut_hwd,sgh,,30,3,-0.0833333333333316,0.266333124739169,0.824703223355872,False,-0.541943730952577
shwd2sf→roboflow_hardhat,srh,,30,3,0.440000000000003,0.502692749102269,1.55659319864277,False,1.51604007953428
shwd2sf→sfchd,a0,10,30,3,0.629999999999999,0.0655743852430208,0.203051749317555,True,16.6405221295541
shwd2sf→sfchd,a0,20,30,3,1.02333333333333,0.133166562369587,0.412351611677944,True,13.3101380321953
shwd2sf→sfchd,a0,20,100,3,0.703333333333334,0.231588715902423,0.717116808825871,False,5.26022635966161
shwd2sf→sfchd,a0,30,30,3,1.12666666666667,0.247857485933617,0.767493220313932,True,7.87324983350949
shwd2sf→sfchd,a0,40,30,3,0.999999999999999,0.580258563056161,1.79677652864591,False,2.98496380380213
shwd2sf→sfchd,a0,40,100,3,1.09666666666667,0.195021366350801,0.603885639874062,True,9.73986810356521
shwd2sf→sfchd,a0,50,30,3,1.18333333333333,0.0665832811847927,0.206175805838969,True,30.7824039181068
shwd2sf→sfchd,b2,20,30,10,0.811999999999999,0.320998442363822,0.319301559536005,True,7.99932062332687
shwd2sf→sfchd,b2,20,50,10,0.728,0.300029628166582,0.298443592047144,True,7.67303599537973
shwd2sf→sfchd,b2,20,100,10,0.694000000000001,0.188219729748682,0.187224750380823,True,11.6598865543331
shwd2sf→sfchd,b2,20,200,10,0.794,0.262094130673186,0.260708631646039,True,9.57994921795693
shwd2sf→sfchd,la,10,100,3,0.27,0.416052881254295,1.28831196867812,False,1.12402470722889
shwd2sf→sfchd,la,30,100,3,1.00333333333333,0.168621864932556,0.522139315844949,True,10.3060437088384
shwd2sf→sfchd,la,50,100,3,1.02333333333333,0.188767935130239,0.584521826643237,True,9.38965256567145
shwd2sf→sfchd,shwd2sf,20,30,3,0.920000000000002,0.259999999999999,0.805092638335988,True,6.12879516524377
shwd2sf→sfchd,shwd2sf,20,50,3,0.55,0.207846096908266,0.643597548183518,False,4.58333333333331
shwd2sf→sfchd,shwd2sf,20,100,10,0.584,0.182647200909294,0.181681679405546,True,10.1111330715409
shwd2sf→sfchd20,r10,,100,13,0.627692307692307,0.487034458845127,0.412183216377198,True,4.64685148965734
shwd→sfchd,a0,10,30,3,0.266666666666667,0.124230967690561,0.384682452080873,False,3.71791529872141
shwd→sfchd,a0,10,100,3,0.0666666666666667,0.257940561628711,0.798715566521257,False,0.44766148103584
shwd→sfchd,a0,20,30,3,0.779999999999999,0.129999999999997,0.402546319167987,True,10.3923048454135
shwd→sfchd,a0,20,100,3,0.396666666666667,0.0907377172587757,0.280970262247896,True,7.57178867941168
shwd→sfchd,a0,30,30,3,0.96,0.13076696830622,0.404921244310977,True,12.7155106278244
shwd→sfchd,a0,30,100,3,0.673333333333333,0.161967074843417,0.501532690804808,True,7.20052235857516
shwd→sfchd,a0,40,30,3,0.683333333333332,0.150443787951956,0.465850716013466,True,7.86717795364671
shwd→sfchd,a0,40,100,3,0.916666666666666,0.162583311976765,0.503440875341451,True,9.76553633314085
shwd→sfchd,a0,50,30,3,0.633333333333334,0.0378593889720008,0.117231982127911,True,28.9747283631957
shwd→sfchd,a0,50,100,3,0.96,0.186815416922693,0.578475834200499,True,8.90059719190198
smoke→firesmoke,smokefs,20,30,3,0.386666666666665,0.352325606979302,1.09097981721652,False,1.90087322349893
smoke→firesmoke,smokefs,20,100,3,0.173333333333335,0.187705443004015,0.581231808992802,False,1.59943225499426
smoke→sfchd,b2,20,30,10,3.656,0.436862551483747,0.434553180272254,True,26.4643583807062
smoke→sfchd,b2,20,50,10,2.674,0.268832868360828,0.267411746580563,True,31.4542284760384
smoke→sfchd,b2,20,100,10,1.666,0.201229553826801,0.200165801081388,True,26.1808192765512
smoke→sfchd,b2,20,200,10,1.495,0.25334429800833,0.25200505291527,True,18.660791417521
smoke→sfchd,smoke2sf,20,100,10,1.734,0.271465160441139,0.270030123667406,True,20.1992382883361
smoke→sfchd20,r10,,100,11,1.40909090909091,0.372570920643427,0.349044948121421,True,12.5437214286192
visdrone→data,vd15,,30,3,4.11666666666667,0.140118997046558,0.43387989620464,True,50.8872884818229
visdrone→dota15,dv,10,100,3,1.92,0.302654919008431,0.937174027884091,True,10.9878853495178
visdrone→dota15,dv,30,100,3,2.41333333333333,0.255408170059873,0.790873990331042,True,16.366022856485
visdrone→dota15,dv,50,100,3,3.27333333333333,0.145716619962629,0.45121299236583,True,38.9082566209413
visdrone→dota15,mech,20,200,10,2.584,0.193746684559447,0.192722488243868,True,42.1753047927275
visdrone→dota15,r10,20,100,10,3.652,0.307383220824502,0.305758311665643,True,37.5708146461531
visdrone→dota15,s2ae,10,30,10,1.995,0.267301328092473,0.26588830243991,True,23.6016183572923
visdrone→dota15,s2ae,10,100,10,1.872,0.174151913250727,0.173231300088711,True,33.99206858734
visdrone→dota15,s2ae,20,30,10,3.418,0.33098506176429,0.329235387019965,True,32.656050955414
visdrone→dota15,s2ae,20,100,10,2.386,0.204732888309513,0.203650616009674,True,36.8538467828138
visdrone→dota15,s2ae,30,30,10,3.938,0.184318564809227,0.183344208033009,True,67.562643180475
visdrone→dota15,s2ae,30,100,10,2.437,0.220607746413805,0.219441555407343,True,34.9329104852689
visdrone→dota15,s2ae,40,30,10,4.111,0.274406430115784,0.272955845011143,True,47.3754330591557
visdrone→dota15,s2ae,40,100,10,2.787,0.273294712718705,0.271850004446819,True,32.2482193351487
visdrone→dota15,s2ae,50,30,10,3.973,0.246804015814618,0.245499344386345,True,50.9056917181039
visdrone→dota15,s2ae,50,100,10,3.065,0.18887091417744,0.187872492476133,True,51.3174888289591
visdrone→dota15,t1c,20,100,10,3.727,0.269239670182534,0.267816397940041,True,43.7744141918508
visdrone→dota15,vis,20,100,3,3.60333333333333,0.518587826055851,1.60581246572397,True,12.0349072931529
visdrone→vhr10,vvhr,,30,3,3.25333333333333,0.54049360156558,1.67364392187752,True,10.4255417843407
visdrone→visdrone,r10,20,30,10,-0.81,0.326156063530601,0.324431916150577,True,-7.85343334417593
y11_shwd→sfchd,b2,20,100,10,0.318000000000001,0.291501858198766,0.289960902131154,True,3.44973545673887
y11_shwd→sfchd,y11,20,30,10,1.11,0.365604522218567,0.363671839832458,True,9.60088836288645
y11_shwd→sfchd,y11,20,100,3,0.0099999999999989,0.0900000000000012,0.278685913270155,False,0.192450089729852
y26_shwd→sfchd,y26,20,30,3,2.66,0.353694783676549,1.0952194867532,True,13.0260760428588
y26_shwd→sfchd,y26,20,100,3,1.49,0.131148770486037,0.406103498635096,True,19.6780777563782
yolo11n→dota15,r15,20,100,10,3.751,0.23581772622091,0.23457113123069,True,50.3003047878588
yolo12n→dota15,r15,20,100,10,3.513,0.324792241286642,0.323075303432398,True,34.2036539301668
