pair,family,label_budget,epoch_budget,column,n,mean_diff,sd_diff,mde_diff,gamma_n,t_stat,resolvable,axis,label_budget_to,epoch_budget_to,is_endpoint,n_from,n_to,n_lower,ratio_abs_mean_over_mde,level_mde_from,level_mde_to
chv→gdut_hwd,s2hv,10,30,test_map50_95,3,-2.92,0.651996932508119,2.01891511761514,3.09651014744612,-7.75707385408312,True,epoch,,100,True,3,3,3,1.44632,1.5627409050279,1.79731009258599
chv→gdut_hwd,s2hv,10,30,test_map50_95,3,-0.410000000000001,0.356791255498227,1.1048077431703,3.09651014744612,-1.99035379976337,False,label,20,,False,3,3,3,0.371105,1.5627409050279,0.480707644776954
chv→gdut_hwd,s2hv,10,30,test_map50_95,3,-1.27,0.965349677578023,2.98921507245419,3.09651014744612,-2.27866085906957,False,label,30,,False,3,3,3,0.424861,1.5627409050279,1.60392052094716
chv→gdut_hwd,s2hv,10,30,test_map50_95,3,-2.04,1.26917295905641,3.93000694658239,3.09651014744612,-2.78400482946587,False,label,40,,False,3,3,3,0.519083,1.5627409050279,2.98439970917229
chv→gdut_hwd,s2hv,10,30,test_map50_95,3,-2.22,1.08807168881467,3.36922502556345,3.09651014744612,-3.53391493624081,False,label,50,,True,3,3,3,0.658905,1.5627409050279,2.87091748926128
chv→gdut_hwd,s2hv,10,100,test_map50_95,3,0.176666666666668,0.839424405967167,2.59928619109127,3.09651014744612,0.36453031445749,False,label,20,,False,3,3,1,0.0679674,1.79731009258599,2.62753680842603
chv→gdut_hwd,s2hv,10,100,test_map50_95,3,-1.44333333333333,0.681346705674381,2.10979698804971,3.09651014744612,-3.66909628353851,False,label,30,,False,3,3,3,0.68411,1.79731009258599,1.99077749598942
chv→gdut_hwd,s2hv,10,100,test_map50_95,3,-0.713333333333329,1.02632028788938,3.17801118597928,3.09651014744612,-1.20384405399084,False,label,40,,False,3,3,2,0.224459,1.79731009258599,1.52401576766288
chv→gdut_hwd,s2hv,10,100,test_map50_95,3,-0.299999999999998,0.962704523724695,2.98102432670581,3.09651014744612,-0.539745300313198,False,label,50,,True,3,3,2,0.100637,1.79731009258599,3.17946911618896
chv→gdut_hwd,s2hv,20,30,test_map50_95,3,-2.33333333333333,0.993596162096722,3.07668059839602,3.09651014744612,-4.06749949174418,False,epoch,,100,True,3,3,3,0.758393,0.480707644776954,2.62753680842603
chv→gdut_hwd,s2hv,20,30,test_map50_95,3,-0.86,0.663023378170028,2.0530586184975,3.09651014744612,-2.24662318638069,False,label,30,,False,3,3,3,0.418887,0.480707644776954,1.60392052094716
chv→gdut_hwd,s2hv,20,30,test_map50_95,3,-1.63,1.07177422995704,3.31875977883322,3.09651014744612,-2.63417680461532,False,label,40,,False,3,3,3,0.491147,0.480707644776954,2.98439970917229
chv→gdut_hwd,s2hv,20,30,test_map50_95,3,-1.81,0.911646861454582,2.82292375738152,3.09651014744612,-3.43884468235604,False,label,50,,False,3,3,3,0.641179,0.480707644776954,2.87091748926128
chv→gdut_hwd,s2hv,20,100,test_map50_95,3,-1.62,0.206639783197719,0.639862185537803,3.09651014744612,-13.5788097763188,True,label,30,,False,3,3,3,2.5318,2.62753680842603,1.99077749598942
chv→gdut_hwd,s2hv,20,100,test_map50_95,3,-0.889999999999996,1.28269248068273,3.97187028248691,3.09651014744612,-1.20178861414686,False,label,40,,False,3,3,3,0.224076,2.62753680842603,1.52401576766288
chv→gdut_hwd,s2hv,20,100,test_map50_95,3,-0.476666666666666,1.74075654051143,5.39027029192685,3.09651014744612,-0.474282799304377,False,label,50,,False,3,3,2,0.0884309,2.62753680842603,3.17946911618896
chv→gdut_hwd,s2hv,30,30,test_map50_95,3,-3.09333333333334,0.125033328890078,0.387166971677095,3.09651014744612,-42.8510585588744,True,epoch,,100,True,3,3,3,7.98966,1.60392052094716,1.99077749598942
chv→gdut_hwd,s2hv,30,30,test_map50_95,3,-0.770000000000004,0.543415126767743,1.68269045431204,3.09651014744612,-2.45425468694776,False,label,40,,False,3,3,3,0.457601,1.60392052094716,2.98439970917229
chv→gdut_hwd,s2hv,30,30,test_map50_95,3,-0.949999999999999,1.29185912544673,4.00025489101667,3.09651014744612,-1.27370565008118,False,label,50,,False,3,3,2,0.237485,1.60392052094716,2.87091748926128
chv→gdut_hwd,s2hv,30,100,test_map50_95,3,0.730000000000005,1.08761206319165,3.36780179015777,3.09651014744612,1.1625441941264,False,label,40,,False,3,3,1,0.216759,1.99077749598942,1.52401576766288
chv→gdut_hwd,s2hv,30,100,test_map50_95,3,1.14333333333334,1.54713714108779,4.79072585686914,3.09651014744612,1.27998441167798,False,label,50,,False,3,3,1,0.238656,1.99077749598942,3.17946911618896
chv→gdut_hwd,s2hv,40,30,test_map50_95,3,-1.59333333333333,1.45225112612569,4.49691034868826,3.09651014744612,-1.90031478514932,False,epoch,,100,True,3,3,3,0.354317,2.98439970917229,1.52401576766288
chv→gdut_hwd,s2hv,40,30,test_map50_95,3,-0.179999999999995,1.82518492213802,5.65170363236606,3.09651014744612,-0.170815100202111,False,label,50,,False,3,3,2,0.0318488,2.98439970917229,2.87091748926128
chv→gdut_hwd,s2hv,40,100,test_map50_95,3,0.41333333333333,1.05077748992511,3.25374316026107,3.09651014744612,0.681318681318683,False,label,50,,False,3,3,1,0.127033,1.52401576766288,3.17946911618896
chv→gdut_hwd,s2hv,50,30,test_map50_95,3,-1,1.50562279472647,4.66217626209672,3.09651014744612,-1.15038827363366,False,epoch,,100,True,3,3,2,0.214492,2.87091748926128,3.17946911618896
dota15→dota15,g3,20,100,test_map50_95,5,-0.0660000000000005,0.137949266036467,0.229337364699385,1.66247615002721,-1.0698171201286,False,epoch,,200,True,5,5,4,0.287786,0.218221764126134,0.333615514106752
dota15→dota15,g3clean,20,50,test_map50_95,5,0.462,0.512757252508435,0.852446703048752,1.66247615002721,2.01472217223862,False,epoch,,100,False,5,5,1,0.541969,0.717893314675898,0.218221764126134
dota15→dota15,g3clean,20,50,test_map50_95,5,0.395999999999999,0.582348692794961,0.968140812771143,1.66247615002721,1.52053731732456,False,epoch,,200,False,5,5,2,0.409031,0.717893314675898,0.333615514106752
dota15→dota15,g3clean,20,50,test_map50_95,5,0.0779999999999997,0.543663498866716,0.903827600506259,1.66247615002721,0.320811131533666,False,epoch,,400,True,5,5,2,0.0862996,0.717893314675898,0.570716221942119
dota15→dota15,g3clean,20,100,test_map50_95,5,-0.0660000000000005,0.137949266036467,0.229337364699385,1.66247615002721,-1.0698171201286,False,epoch,,200,False,5,5,4,0.287786,0.218221764126134,0.333615514106752
dota15→dota15,g3clean,20,100,test_map50_95,5,-0.384,0.352888084242015,0.586668023681142,1.66247615002721,-2.43320798208376,False,epoch,,400,False,5,5,5,0.654544,0.218221764126134,0.570716221942119
dota15→dota15,g3clean,20,200,test_map50_95,5,-0.317999999999999,0.307441051260239,0.511113415259439,1.66247615002721,-2.31286490184108,False,epoch,,400,False,5,5,4,0.622171,0.333615514106752,0.570716221942119
dota15→dota15,g3cleanb,20,50,test_map50_95,5,0.271999999999999,0.228188518554285,0.37935796980654,1.66247615002721,2.66538603139776,False,epoch,,400,True,5,5,0,0.717001,0.597636475352835,0.370884978493469
dota15→dota15,g3ext,20,50,test_map50_95,5,0.271999999999999,0.228188518554285,0.37935796980654,1.66247615002721,2.66538603139776,False,epoch,,400,True,5,5,0,0.717001,0.597636475352835,0.370884978493469
dota→data,dd15,,30,test_map50_95,3,-0.393333333333333,0.47035447625523,1.45645740862103,3.09651014744612,-1.44842528781224,False,epoch,,200,True,3,3,2,0.270062,0.84253152427825,0.747236938948742
fsin→smoke_keremberke,s2sm,10,30,test_map50_95,3,0.673333333333333,0.332615894589136,1.02994849279713,3.09651014744612,3.50628927461104,False,epoch,,100,True,3,3,0,0.653754,0.836248860567273,0.34248764742775
fsin→smoke_keremberke,s2sm,10,30,test_map50_95,3,-0.160000000000001,0.761511654539835,2.35802856568109,3.09651014744612,-0.363918434549087,False,label,20,,False,3,3,1,0.0678533,0.836248860567273,1.57354315529535
fsin→smoke_keremberke,s2sm,10,30,test_map50_95,3,-0.396666666666671,0.408084958474744,1.26363921493717,3.09651014744612,-1.68358770904854,False,label,30,,False,3,3,2,0.313908,0.836248860567273,0.46482045146588
fsin→smoke_keremberke,s2sm,10,30,test_map50_95,3,-0.276666666666666,0.119303534454488,0.36942460506451,3.09651014744612,-4.01665152351538,False,label,40,,False,3,3,3,0.748912,0.836248860567273,0.493826224365739
fsin→smoke_keremberke,s2sm,10,30,test_map50_95,3,-0.640000000000004,0.484974226119284,1.50172761242819,3.09651014744612,-2.28571428571431,False,label,50,,True,3,3,3,0.426176,0.836248860567273,0.898165885482354
fsin→smoke_keremberke,s2sm,10,100,test_map50_95,3,0.0133333333333319,0.055075705472864,0.170542480874478,3.09651014744612,0.419313934688698,False,label,20,,False,3,3,1,0.0781819,0.34248764742775,0.214532516061178
fsin→smoke_keremberke,s2sm,10,100,test_map50_95,3,0.0966666666666671,0.48013886880082,1.48675487942504,3.09651014744612,0.348714900926817,False,label,30,,False,3,3,1,0.0650186,0.34248764742775,1.31604717025708
fsin→smoke_keremberke,s2sm,10,100,test_map50_95,3,-0.476666666666673,0.286763549520038,0.887966241006467,3.09651014744612,-2.87906495202413,False,label,40,,False,3,3,3,0.536807,0.34248764742775,0.777834473640269
fsin→smoke_keremberke,s2sm,10,100,test_map50_95,3,-0.600000000000001,0.300499584026335,0.930500011240884,3.09651014744612,-3.45834250622541,False,label,50,,True,3,3,3,0.644815,0.34248764742775,0.799315578299763
fsin→smoke_keremberke,s2sm,20,30,test_map50_95,3,0.846666666666666,0.539845656955151,1.67163755481634,3.09651014744612,2.71646101964191,False,epoch,,100,True,3,3,0,0.506489,1.57354315529535,0.214532516061178
fsin→smoke_keremberke,s2sm,20,30,test_map50_95,3,-0.23666666666667,0.436615773115598,1.35198517198749,3.09651014744612,-0.938854517782413,False,label,30,,False,3,3,2,0.175051,1.57354315529535,0.46482045146588
fsin→smoke_keremberke,s2sm,20,30,test_map50_95,3,-0.116666666666665,0.642209726906508,1.98860893615461,3.09651014744612,-0.314652029936917,False,label,40,,False,3,3,2,0.0586675,1.57354315529535,0.493826224365739
fsin→smoke_keremberke,s2sm,20,30,test_map50_95,3,-0.480000000000003,0.317962261911691,0.984573370514473,3.09651014744612,-2.61472661137368,False,label,50,,False,3,3,3,0.487521,1.57354315529535,0.898165885482354
fsin→smoke_keremberke,s2sm,20,100,test_map50_95,3,0.0833333333333353,0.430155010819736,1.33197935597811,3.09651014744612,0.335547799437113,False,label,30,,False,3,3,1,0.0625635,0.214532516061178,1.31604717025708
fsin→smoke_keremberke,s2sm,20,100,test_map50_95,3,-0.490000000000005,0.29308701779506,0.907546924687127,3.09651014744612,-2.89574373540561,False,label,40,,False,3,3,3,0.539917,0.214532516061178,0.777834473640269
fsin→smoke_keremberke,s2sm,20,100,test_map50_95,3,-0.613333333333332,0.303699412797156,0.940408313499823,3.09651014744612,-3.49794714953383,False,label,50,,False,3,3,3,0.652199,0.214532516061178,0.799315578299763
fsin→smoke_keremberke,s2sm,30,30,test_map50_95,3,1.16666666666667,0.559672523296734,1.73303164763512,3.09651014744612,3.61055055956771,False,epoch,,100,True,3,3,0,0.673194,0.46482045146588,1.31604717025708
fsin→smoke_keremberke,s2sm,30,30,test_map50_95,3,0.120000000000005,0.306431068920893,0.948866914406309,3.09651014744612,0.678280102733091,False,label,40,,False,3,3,1,0.126467,0.46482045146588,0.493826224365739
fsin→smoke_keremberke,s2sm,30,30,test_map50_95,3,-0.243333333333332,0.323934149686832,1.00306538160961,3.09651014744612,-1.30108448558413,False,label,50,,False,3,3,2,0.24259,0.46482045146588,0.898165885482354
fsin→smoke_keremberke,s2sm,30,100,test_map50_95,3,-0.57333333333334,0.653630884623216,2.02397466691998,3.09651014744612,-1.51927102339818,False,label,40,,False,3,3,3,0.283271,1.31604717025708,0.777834473640269
fsin→smoke_keremberke,s2sm,30,100,test_map50_95,3,-0.696666666666668,0.653171748725655,2.02255294795412,3.09651014744612,-1.84738863087776,False,label,50,,False,3,3,3,0.344449,1.31604717025708,0.799315578299763
fsin→smoke_keremberke,s2sm,40,30,test_map50_95,3,0.473333333333326,0.38135722535876,1.1808765181253,3.09651014744612,2.14978851253703,False,epoch,,100,True,3,3,0,0.400832,0.493826224365739,0.777834473640269
fsin→smoke_keremberke,s2sm,40,30,test_map50_95,3,-0.363333333333338,0.370720020140984,1.14793830422799,3.09651014744612,-1.69753927283823,False,label,50,,False,3,3,3,0.316509,0.493826224365739,0.898165885482354
fsin→smoke_keremberke,s2sm,40,100,test_map50_95,3,-0.123333333333327,0.0208166599946653,0.0644589989094168,3.09651014744612,-10.2619536301643,True,label,50,,False,3,3,3,1.91336,0.777834473640269,0.799315578299763
fsin→smoke_keremberke,s2sm,50,30,test_map50_95,3,0.713333333333336,0.115036226178242,0.356210841684835,3.09651014744612,10.7403521230905,True,epoch,,100,True,3,3,0,2.00256,0.898165885482354,0.799315578299763
mafa→mask_clean,s2mk,10,30,test_map50_95,3,0.0566666666666641,1.37914224550382,4.27052795797421,3.09651014744612,0.0711670939543852,False,epoch,,100,True,3,3,1,0.0132692,0.572924114252309,4.29545226861102
mafa→mask_clean,s2mk,10,30,test_map50_95,3,-1.36666666666667,0.739075999700524,2.28855633280656,3.09651014744612,-3.202831785414,False,label,20,,False,3,3,3,0.597174,0.572924114252309,2.77312034309349
mafa→mask_clean,s2mk,10,30,test_map50_95,3,0.0166666666666611,1.2500533321956,3.87080282799253,3.09651014744612,0.0230930254861755,False,label,30,,False,3,3,2,0.00430574,0.572924114252309,4.21637359117648
mafa→mask_clean,s2mk,10,30,test_map50_95,3,0.0633333333333301,0.47815618090047,1.48061546622239,3.09651014744612,0.229415733870555,False,label,40,,False,3,3,1,0.042775,0.572924114252309,1.22315417141423
mafa→mask_clean,s2mk,10,30,test_map50_95,3,0.00666666666666593,0.698951595844324,2.16431070910561,3.09651014744612,0.0165204650113755,False,label,50,,True,3,3,2,0.00308027,0.572924114252309,1.61286272286117
mafa→mask_clean,s2mk,10,100,test_map50_95,3,-0.999999999999997,1.19377552328736,3.69653802163211,3.09651014744612,-1.45090159228532,False,label,20,,False,3,3,2,0.270523,4.29545226861102,4.78999193742604
mafa→mask_clean,s2mk,10,100,test_map50_95,3,-0.586666666666665,1.20288541986896,3.72474690883923,3.09651014744612,-0.844749181417822,False,label,30,,False,3,3,2,0.157505,4.29545226861102,1.38630082636769
mafa→mask_clean,s2mk,10,100,test_map50_95,3,0.513333333333329,1.53913395561703,4.76594391184702,3.09651014744612,0.577675134322909,False,label,40,,False,3,3,1,0.107709,4.29545226861102,1.20020562884335
mafa→mask_clean,s2mk,10,100,test_map50_95,3,0.36333333333333,1.84348402036289,5.70836697570848,3.09651014744612,0.341370896880791,False,label,50,,True,3,3,2,0.0636493,4.29545226861102,4.11292243447303
mafa→mask_clean,s2mk,20,30,test_map50_95,3,0.423333333333335,1.94651825918313,6.02741354174972,3.09651014744612,0.376690451482605,False,epoch,,100,True,3,3,2,0.0702347,2.77312034309349,4.78999193742604
mafa→mask_clean,s2mk,20,30,test_map50_95,3,1.38333333333333,0.613297100379036,1.89908069472297,3.09651014744612,3.9067584302227,False,label,30,,False,3,3,0,0.728423,2.77312034309349,4.21637359117648
mafa→mask_clean,s2mk,20,30,test_map50_95,3,1.43,0.888988188897908,2.75276094788212,3.09651014744612,2.78612549160418,False,label,40,,False,3,3,0,0.519478,2.77312034309349,1.22315417141423
mafa→mask_clean,s2mk,20,30,test_map50_95,3,1.37333333333333,1.41075629834969,4.36842119341335,3.09651014744612,1.68610490121069,False,label,50,,False,3,3,1,0.314377,2.77312034309349,1.61286272286117
mafa→mask_clean,s2mk,20,100,test_map50_95,3,0.413333333333332,1.10744450575789,3.42921314981278,3.09651014744612,0.646456170104152,False,label,30,,False,3,3,2,0.120533,4.78999193742604,1.38630082636769
mafa→mask_clean,s2mk,20,100,test_map50_95,3,1.51333333333333,1.38283525169607,4.28196338912309,3.09651014744612,1.89550434074195,False,label,40,,False,3,3,0,0.35342,4.78999193742604,1.20020562884335
mafa→mask_clean,s2mk,20,100,test_map50_95,3,1.36333333333333,2.63928651974987,8.17257749042323,3.09651014744612,0.894697329492424,False,label,50,,False,3,3,1,0.166818,4.78999193742604,4.11292243447303
mafa→mask_clean,s2mk,30,30,test_map50_95,3,-0.546666666666662,1.43987267955654,4.45858036327727,3.09651014744612,-0.657595949221424,False,epoch,,100,True,3,3,2,0.12261,4.21637359117648,1.38630082636769
mafa→mask_clean,s2mk,30,30,test_map50_95,3,0.0466666666666689,1.18348355853951,3.66466884835323,3.09651014744612,0.0682975585958285,False,label,40,,False,3,3,1,0.0127342,4.21637359117648,1.22315417141423
mafa→mask_clean,s2mk,30,30,test_map50_95,3,-0.0099999999999952,1.82638988170653,5.65543480189721,3.09651014744612,-0.00948346694709928,False,label,50,,False,3,3,1,0.00176821,4.21637359117648,1.61286272286117
mafa→mask_clean,s2mk,30,100,test_map50_95,3,1.09999999999999,0.3504283093587,1.0851048158816,3.09651014744612,5.43693485213127,True,label,40,,False,3,3,0,1.01373,1.38630082636769,1.20020562884335
mafa→mask_clean,s2mk,30,100,test_map50_95,3,0.949999999999995,1.70502199399304,5.27961790601826,3.09651014744612,0.965059848487295,False,label,50,,False,3,3,1,0.179937,1.38630082636769,4.11292243447303
mafa→mask_clean,s2mk,40,30,test_map50_95,3,0.506666666666663,0.525483903971691,1.62716624096795,3.09651014744612,1.67002719309838,False,epoch,,100,True,3,3,1,0.31138,1.22315417141423,1.20020562884335
mafa→mask_clean,s2mk,40,30,test_map50_95,3,-0.0566666666666641,0.670397891802572,2.07589387479315,3.09651014744612,-0.146404914100082,False,label,50,,False,3,3,1,0.0272975,1.22315417141423,1.61286272286117
mafa→mask_clean,s2mk,40,100,test_map50_95,3,-0.149999999999998,1.70994151946784,5.29485126657163,3.09651014744612,-0.151939477565399,False,label,50,,False,3,3,1,0.0283294,1.20020562884335,4.11292243447303
mafa→mask_clean,s2mk,50,30,test_map50_95,3,0.413333333333329,1.82617998382781,5.6547848509858,3.09651014744612,0.39202835434354,False,epoch,,100,True,3,3,1,0.0730944,1.61286272286117,4.11292243447303
mendein→mende,mendein,20,30,test_map50_95,3,-0.546666666666662,1.3414295856784,4.15375032413761,3.09651014744612,-0.70585474748727,False,epoch,,100,True,3,10,2,0.131608,2.34402613913067,1.17321695506116
pcb→neu_det,pn,,30,test_map50_95,3,-1.14333333333334,1.64931298828735,5.10711440454647,3.09651014744612,-1.20068867303154,False,epoch,,200,True,3,3,2,0.223871,1.80777151329426,4.13732846519943
pcb→neu_det,s2df,10,30,test_map50_95,10,-9.758,4.70781572376074,4.68292896231932,0.994713735009673,-6.55452702878378,True,epoch,,100,True,10,10,10,2.08374,4.18002717193191,1.73750577441996
pcb→neu_det,s2df,10,30,test_map50_95,10,-3.91,4.8584908493619,4.8328075792791,0.994713735009673,-2.54492722835575,False,label,20,,False,10,10,9,0.809054,4.18002717193191,2.25158824401345
pcb→neu_det,s2df,10,30,test_map50_95,10,-8.84,4.11983009358396,4.09805157999415,0.994713735009673,-6.78536101753896,True,label,30,,False,10,10,9,2.15712,4.18002717193191,1.17055873526945
pcb→neu_det,s2df,10,30,test_map50_95,10,-9.947,4.74826997734731,4.72316936400144,0.994713735009673,-6.62455505600121,True,label,40,,False,10,10,9,2.106,4.18002717193191,1.07330590225326
pcb→neu_det,s2df,10,30,test_map50_95,10,-10.714,3.67312824593848,3.653711116687,0.994713735009673,-9.22392047936446,True,label,50,,True,10,10,10,2.93236,4.18002717193191,0.888453178822429
pcb→neu_det,s2df,10,100,test_map50_95,10,-1.321,1.5100290652096,1.5020466514278,0.994713735009673,-2.76641614742865,False,label,20,,False,10,10,7,0.879467,1.73750577441996,0.820221749434371
pcb→neu_det,s2df,10,100,test_map50_95,10,-2.423,2.26105211498246,2.24909959434573,0.994713735009673,-3.38877583573407,True,label,30,,False,10,10,8,1.07732,1.73750577441996,1.19138674515687
pcb→neu_det,s2df,10,100,test_map50_95,10,-2.888,2.47782521130482,2.46472677063815,0.994713735009673,-3.68575549271978,True,label,40,,False,10,10,8,1.17173,1.73750577441996,1.09570174942584
pcb→neu_det,s2df,10,100,test_map50_95,10,-2.391,2.40819180668355,2.39546146664589,0.994713735009673,-3.13970252057093,False,label,50,,True,10,10,7,0.998138,1.73750577441996,1.04669432541694
pcb→neu_det,s2df,20,30,test_map50_95,10,-7.169,2.32054806744729,2.30828103543997,0.994713735009673,-9.76940269575437,True,epoch,,100,True,10,10,10,3.10577,2.25158824401345,0.820221749434371
pcb→neu_det,s2df,20,30,test_map50_95,10,-4.93,2.21136961079679,2.19967972504256,0.994713735009673,-7.0499426185986,True,label,30,,False,10,10,10,2.24124,2.25158824401345,1.17055873526945
pcb→neu_det,s2df,20,30,test_map50_95,10,-6.037,2.80517002851679,2.79034115640313,0.994713735009673,-6.80553051699705,True,label,40,,False,10,10,10,2.16353,2.25158824401345,1.07330590225326
pcb→neu_det,s2df,20,30,test_map50_95,10,-6.804,2.37992623601844,2.36734531527741,0.994713735009673,-9.04067398146829,True,label,50,,False,10,10,10,2.87411,2.25158824401345,0.888453178822429
pcb→neu_det,s2df,20,100,test_map50_95,10,-1.102,1.6099606620453,1.60144998336173,0.994713735009673,-2.16454355914412,False,label,30,,False,10,10,7,0.688126,0.820221749434371,1.19138674515687
pcb→neu_det,s2df,20,100,test_map50_95,10,-1.567,1.38609804046387,1.37877075891941,0.994713735009673,-3.57499177462622,True,label,40,,False,10,10,8,1.13652,0.820221749434371,1.09570174942584
pcb→neu_det,s2df,20,100,test_map50_95,10,-1.07,1.54692526573774,1.53874780886282,0.994713735009673,-2.18733068191661,False,label,50,,False,10,10,7,0.695371,0.820221749434371,1.04669432541694
pcb→neu_det,s2df,30,30,test_map50_95,10,-3.341,1.64166209813239,1.63298383725709,0.994713735009673,-6.43565425226168,True,epoch,,100,True,10,10,10,2.04595,1.17055873526945,1.19138674515687
pcb→neu_det,s2df,30,30,test_map50_95,10,-1.107,1.80631023544315,1.79676160088385,0.994713735009673,-1.93800671729437,False,label,40,,False,10,10,7,0.616108,1.17055873526945,1.07330590225326
pcb→neu_det,s2df,30,30,test_map50_95,10,-1.874,1.36000980388623,1.35282043167345,0.994713735009673,-4.35740118800737,True,label,50,,False,10,10,9,1.38525,1.17055873526945,0.888453178822429
pcb→neu_det,s2df,30,100,test_map50_95,10,-0.465,1.5847975685662,1.57641990866273,0.994713735009673,-0.927852958096505,False,label,40,,False,10,10,8,0.294972,1.19138674515687,1.09570174942584
pcb→neu_det,s2df,30,100,test_map50_95,10,0.0320000000000004,1.15667915459157,1.15056464207161,0.994713735009673,0.0874856996632927,False,label,50,,False,10,10,5,0.0278124,1.19138674515687,1.04669432541694
pcb→neu_det,s2df,40,30,test_map50_95,10,-2.699,1.81805421016842,1.80844349384669,0.994713735009673,-4.69457255842982,True,epoch,,100,True,10,10,9,1.49244,1.07330590225326,1.09570174942584
pcb→neu_det,s2df,40,30,test_map50_95,10,-0.767000000000001,1.53344963327061,1.52534341215983,0.994713735009673,-1.58170631282881,False,label,50,,False,10,10,6,0.502838,1.07330590225326,0.888453178822429
pcb→neu_det,s2df,40,100,test_map50_95,10,0.497,1.10232128811079,1.09649412567735,0.994713735009673,1.42576580354106,False,label,50,,False,10,10,3,0.453263,1.09570174942584,1.04669432541694
pcb→neu_det,s2df,50,30,test_map50_95,10,-1.435,1.26761587241562,1.26091491900808,0.994713735009673,-3.57984507853637,True,epoch,,100,True,10,10,9,1.13806,0.888453178822429,1.04669432541694
shwd2sf→sfchd,a0,10,30,test_map50_95,3,0.393333333333334,0.158219257150747,0.489927535288675,3.09651014744612,4.30588115449602,False,label,20,,False,3,3,0,0.80284,0.203051749317555,0.412351611677944
shwd2sf→sfchd,a0,10,30,test_map50_95,3,0.496666666666667,0.207444771766685,0.642354840810186,3.09651014744612,4.14689603293582,False,label,30,,False,3,3,0,0.773197,0.203051749317555,0.767493220313932
shwd2sf→sfchd,a0,10,30,test_map50_95,3,0.37,0.53018864567246,1.64173452138549,3.09651014744612,1.20873731271189,False,label,40,,False,3,3,0,0.225371,0.203051749317555,1.79677652864591
shwd2sf→sfchd,a0,10,30,test_map50_95,3,0.553333333333333,0.00577350269190043,0.0178777096717772,3.09651014744612,165.99999999988,True,label,50,,True,3,3,0,30.951,0.203051749317555,0.206175805838969
shwd2sf→sfchd,a0,20,30,test_map50_95,3,-0.32,0.259422435421455,0.803304203757721,3.09651014744612,-2.13650086786674,False,epoch,,100,True,3,3,3,0.398355,0.412351611677944,0.717116808825871
shwd2sf→sfchd,a0,20,30,test_map50_95,3,0.103333333333333,0.365558932777375,1.13195694483472,3.09651014744612,0.489602543942707,False,label,30,,False,3,3,1,0.0912873,0.412351611677944,0.767493220313932
shwd2sf→sfchd,a0,20,30,test_map50_95,3,-0.0233333333333345,0.685006082698054,2.12112828613685,3.09651014744612,-0.0589987736810947,False,label,40,,False,3,3,2,0.0110004,0.412351611677944,1.79677652864591
shwd2sf→sfchd,a0,20,30,test_map50_95,3,0.159999999999999,0.153948043183404,0.476701677896885,3.09651014744612,1.80014064148165,False,label,50,,False,3,3,0,0.33564,0.412351611677944,0.206175805838969
shwd2sf→sfchd,a0,20,100,test_map50_95,3,0.393333333333333,0.38527046776691,1.19299391295155,3.09651014744612,1.7682988306696,False,label,40,,True,3,3,0,0.329703,0.717116808825871,0.603885639874062
shwd2sf→sfchd,a0,30,30,test_map50_95,3,-0.126666666666668,0.336204302966713,1.04106003575148,3.09651014744612,-0.65255887671902,False,label,40,,False,3,3,2,0.121671,0.767493220313932,1.79677652864591
shwd2sf→sfchd,a0,30,30,test_map50_95,3,0.056666666666666,0.211974841274464,0.656382247009659,3.09651014744612,0.463024504097407,False,label,50,,False,3,3,1,0.0863318,0.767493220313932,0.206175805838969
shwd2sf→sfchd,a0,40,30,test_map50_95,3,0.0966666666666671,0.387341365378569,1.19940646842038,3.09651014744612,0.432258449601304,False,epoch,,100,True,3,3,1,0.0805954,1.79677652864591,0.603885639874062
shwd2sf→sfchd,a0,40,30,test_map50_95,3,0.183333333333333,0.533510387277826,1.6520203279737,3.09651014744612,0.595194874601258,False,label,50,,False,3,3,1,0.110975,1.79677652864591,0.206175805838969
shwd2sf→sfchd,b2,20,30,test_map50_95,10,-0.0839999999999996,0.388621495373925,0.386567139168442,0.994713735009673,-0.683521952892895,False,epoch,,50,False,10,10,7,0.217297,0.319301559536005,0.298443592047144
shwd2sf→sfchd,b2,20,30,test_map50_95,10,-0.117999999999999,0.369918910032997,0.36796342064963,0.994713735009673,-1.0087312483338,False,epoch,,100,False,10,10,6,0.320684,0.319301559536005,0.187224750380823
shwd2sf→sfchd,b2,20,30,test_map50_95,10,-0.0179999999999991,0.307997113983593,0.30636895962282,0.994713735009673,-0.184810166390261,False,epoch,,200,True,10,10,6,0.0587527,0.319301559536005,0.260708631646039
shwd2sf→sfchd,b2,20,50,test_map50_95,10,-0.033999999999999,0.366915067374817,0.36497545709973,0.994713735009673,-0.293030867374789,False,epoch,,100,False,10,10,4,0.0931569,0.298443592047144,0.187224750380823
shwd2sf→sfchd,b2,20,50,test_map50_95,10,0.0660000000000005,0.31319855257222,0.311542902028736,0.994713735009673,0.666383429479575,False,epoch,,200,False,10,10,4,0.211849,0.298443592047144,0.260708631646039
shwd2sf→sfchd,b2,20,100,test_map50_95,10,0.0999999999999995,0.354620297720753,0.352745680856053,0.994713735009673,0.891736226181422,False,epoch,,200,False,10,10,3,0.28349,0.187224750380823,0.260708631646039
shwd2sf→sfchd,la,10,100,test_map50_95,3,0.733333333333332,0.540030863315544,1.67221104819067,3.09651014744612,2.35203333457444,False,label,30,,False,3,3,0,0.438541,1.28831196867812,0.522139315844949
shwd2sf→sfchd,la,10,100,test_map50_95,3,0.753333333333334,0.472475748936739,1.46302595100482,3.09651014744612,2.76164779103458,False,label,50,,True,3,3,0,0.514915,1.28831196867812,0.584521826643237
shwd2sf→sfchd,la,30,100,test_map50_95,3,0.0200000000000015,0.108166538263922,0.334938783348353,3.09651014744612,0.320256307610192,False,label,50,,False,3,3,1,0.0597124,0.522139315844949,0.584521826643237
shwd2sf→sfchd,shwd2sf,20,30,test_map50_95,3,-0.370000000000002,0.410365690573663,1.27070152502508,3.09651014744612,-1.56167733687632,False,epoch,,50,False,3,3,2,0.291178,0.805092638335988,0.643597548183518
shwd2sf→sfchd,shwd2sf,20,30,test_map50_95,3,-0.240000000000003,0.415812457725835,1.28756749478256,3.09651014744612,-0.999710773674372,False,epoch,,100,True,3,10,2,0.186398,0.805092638335988,0.181681679405546
shwd2sf→sfchd,shwd2sf,20,50,test_map50_95,3,0.129999999999999,0.375099986670224,1.16150091503126,3.09651014744612,0.600284225501482,False,epoch,,100,False,3,10,1,0.111924,0.643597548183518,0.181681679405546
shwd→sfchd,a0,10,30,test_map50_95,3,-0.2,0.185202591774525,0.573481704763139,3.09651014744612,-1.87043905916561,False,epoch,,100,True,3,3,3,0.348747,0.384682452080873,0.798715566521257
shwd→sfchd,a0,10,30,test_map50_95,3,0.513333333333332,0.118462370959442,0.36681993376644,3.09651014744612,7.50550075396032,True,label,20,,False,3,3,0,1.39942,0.384682452080873,0.402546319167987
shwd→sfchd,a0,10,30,test_map50_95,3,0.693333333333333,0.144337567297407,0.446942741794107,3.09651014744612,8.31999999999999,True,label,30,,False,3,3,0,1.55128,0.384682452080873,0.404921244310977
shwd→sfchd,a0,10,30,test_map50_95,3,0.416666666666665,0.274651294068192,0.850460519091367,3.09651014744612,2.62765132396516,False,label,40,,False,3,3,0,0.489931,0.384682452080873,0.465850716013465
shwd→sfchd,a0,10,30,test_map50_95,3,0.366666666666667,0.104083299973307,0.322294994547023,3.09651014744612,6.10170215847752,True,label,50,,True,3,3,0,1.13767,0.384682452080873,0.117231982127911
shwd→sfchd,a0,10,100,test_map50_95,3,0.330000000000001,0.343947670438401,1.06503745170297,3.09651014744612,1.66181316410485,False,label,20,,False,3,3,0,0.309848,0.798715566521257,0.280970262247896
shwd→sfchd,a0,10,100,test_map50_95,3,0.606666666666666,0.41765216787817,1.29326417593763,3.09651014744612,2.51591532557693,False,label,30,,False,3,3,0,0.469097,0.798715566521257,0.501532690804808
shwd→sfchd,a0,10,100,test_map50_95,3,0.849999999999999,0.300499584026339,0.930500011240898,3.09651014744612,4.89931855048591,False,label,40,,False,3,3,0,0.913487,0.798715566521257,0.503440875341451
shwd→sfchd,a0,10,100,test_map50_95,3,0.893333333333333,0.158850034099251,0.491880742510495,3.09651014744612,9.7406256800765,True,label,50,,True,3,3,0,1.81616,0.798715566521257,0.578475834200499
shwd→sfchd,a0,20,30,test_map50_95,3,-0.383333333333332,0.210792156716831,0.65272005227572,3.09651014744612,-3.14979845507247,False,epoch,,100,True,3,3,3,0.587286,0.402546319167987,0.280970262247896
shwd→sfchd,a0,20,30,test_map50_95,3,0.180000000000001,0.230651251893413,0.714213942009105,3.09651014744612,1.35169067066877,False,label,30,,False,3,3,1,0.252025,0.402546319167987,0.404921244310977
shwd→sfchd,a0,20,30,test_map50_95,3,-0.0966666666666671,0.250066657780145,0.774333943354156,3.09651014744612,-0.669547789982444,False,label,40,,False,3,3,2,0.124838,0.402546319167987,0.465850716013465
shwd→sfchd,a0,20,30,test_map50_95,3,-0.146666666666665,0.092376043070338,0.286043354748222,3.09651014744612,-2.75000000000004,False,label,50,,False,3,3,3,0.512743,0.402546319167987,0.117231982127911
shwd→sfchd,a0,20,100,test_map50_95,3,0.276666666666666,0.100166528008778,0.310166670413628,3.09651014744612,4.78404046694514,False,label,30,,False,3,3,0,0.891994,0.280970262247896,0.501532690804808
shwd→sfchd,a0,20,100,test_map50_95,3,0.519999999999998,0.15716233645502,0.486654769629311,3.09651014744612,5.73080319529092,True,label,40,,False,3,3,0,1.06852,0.280970262247896,0.503440875341451
shwd→sfchd,a0,20,100,test_map50_95,3,0.563333333333332,0.245831920899899,0.76122103763271,3.09651014744612,3.96906126494359,False,label,50,,False,3,3,0,0.740039,0.280970262247896,0.578475834200499
shwd→sfchd,a0,30,30,test_map50_95,3,-0.286666666666667,0.142243921955675,0.440459747748282,3.09651014744612,-3.49063232141336,False,epoch,,100,True,3,3,3,0.650835,0.404921244310977,0.501532690804808
shwd→sfchd,a0,30,30,test_map50_95,3,-0.276666666666668,0.230072452356498,0.712421683369712,3.09651014744612,-2.08282529489827,False,label,40,,False,3,3,3,0.388347,0.404921244310977,0.465850716013465
shwd→sfchd,a0,30,30,test_map50_95,3,-0.326666666666666,0.152752523165195,0.472999738029025,3.09651014744612,-3.70405183549041,False,label,50,,False,3,3,3,0.690628,0.404921244310977,0.117231982127911
shwd→sfchd,a0,30,100,test_map50_95,3,0.243333333333332,0.255799400572665,0.792085439583894,3.09651014744612,1.64764145484656,False,label,40,,False,3,3,0,0.307206,0.501532690804808,0.503440875341451
shwd→sfchd,a0,30,100,test_map50_95,3,0.286666666666667,0.340196021924616,1.05342043401038,3.09651014744612,1.45951510159958,False,label,50,,False,3,3,1,0.272129,0.501532690804808,0.578475834200499
shwd→sfchd,a0,40,30,test_map50_95,3,0.233333333333334,0.13613718571108,0.421550176999116,3.09651014744612,2.96866125387993,False,epoch,,100,True,3,3,0,0.553513,0.465850716013465,0.503440875341451
shwd→sfchd,a0,40,30,test_map50_95,3,-0.0499999999999982,0.17776388834631,0.550447684113829,3.09651014744612,-0.48717735184621,False,label,50,,False,3,3,2,0.0908352,0.465850716013465,0.117231982127911
shwd→sfchd,a0,40,100,test_map50_95,3,0.0433333333333341,0.15044378795196,0.465850716013477,3.09651014744612,0.498894211694667,False,label,50,,False,3,3,1,0.0930198,0.503440875341451,0.578475834200499
shwd→sfchd,a0,50,30,test_map50_95,3,0.326666666666666,0.155026879389779,0.480042305157359,3.09651014744612,3.64971072134691,False,epoch,,100,True,3,3,0,0.680496,0.117231982127911,0.578475834200499
smoke→firesmoke,smokefs,20,30,test_map50_95,3,-0.21333333333333,0.51325757016661,1.58930727427445,3.09651014744612,-0.719919575977046,False,epoch,,100,True,3,3,2,0.13423,1.09097981721652,0.581231808992802
smoke→sfchd,b2,20,30,test_map50_95,10,-0.982,0.475693645579217,0.473179002914471,0.994713735009673,-6.52806000488862,True,epoch,,50,False,10,10,10,2.07532,0.434553180272254,0.267411746580563
smoke→sfchd,b2,20,30,test_map50_95,10,-1.99,0.394405318873307,0.392320387844148,0.994713735009673,-15.9554961421718,True,epoch,,100,False,10,10,10,5.07238,0.434553180272254,0.200165801081388
smoke→sfchd,b2,20,30,test_map50_95,10,-2.161,0.390084036530024,0.38802194894443,0.994713735009673,-17.5184867456064,True,epoch,,200,True,10,10,10,5.56927,0.434553180272254,0.25200505291527
smoke→sfchd,b2,20,50,test_map50_95,10,-1.008,0.363923068793392,0.361999275015657,0.994713735009673,-8.75892779212463,True,epoch,,100,False,10,10,10,2.78454,0.267411746580563,0.200165801081388
smoke→sfchd,b2,20,50,test_map50_95,10,-1.179,0.324463660009355,0.322748459122814,0.994713735009673,-11.4907332341348,True,epoch,,200,False,10,10,10,3.653,0.267411746580563,0.25200505291527
smoke→sfchd,b2,20,100,test_map50_95,10,-0.171,0.213564978402358,0.212436017333869,0.994713735009673,-2.53201383454368,False,epoch,,200,False,10,10,8,0.804948,0.200165801081388,0.25200505291527
visdrone→dota15,dv,10,100,test_map50_95,3,0.493333333333334,0.406242948656752,1.25793541284407,3.09651014744612,2.1033679506955,False,label,30,,False,3,3,0,0.392177,0.937174027884091,0.790873990331042
visdrone→dota15,dv,10,100,test_map50_95,3,1.35333333333333,0.353034464795342,1.09317480263699,3.09651014744612,6.63969761215451,True,label,50,,True,3,3,0,1.23798,0.937174027884091,0.45121299236583
visdrone→dota15,dv,30,100,test_map50_95,3,0.859999999999999,0.399499687108762,1.23705483503383,3.09651014744612,3.72857286895372,False,label,50,,False,3,3,0,0.6952,0.790873990331042,0.45121299236583
visdrone→dota15,s2ae,10,30,test_map50_95,10,-0.123,0.359908939100495,0.358006365076023,0.994713735009673,-1.0807182315972,False,epoch,,100,True,10,10,7,0.343569,0.26588830243991,0.173231300088712
visdrone→dota15,s2ae,10,30,test_map50_95,10,1.423,0.277370590446147,0.275904336004526,0.994713735009673,16.223497607232,True,label,20,,False,10,10,0,5.15758,0.26588830243991,0.329235387019965
visdrone→dota15,s2ae,10,30,test_map50_95,10,1.943,0.383175329755626,0.381149763424782,0.994713735009673,16.0352324812397,True,label,30,,False,10,10,0,5.09773,0.26588830243991,0.183344208033009
visdrone→dota15,s2ae,10,30,test_map50_95,10,2.116,0.480097212378215,0.477559291292467,0.994713735009673,13.9375513050155,True,label,40,,False,10,10,0,4.43086,0.26588830243991,0.272955845011143
visdrone→dota15,s2ae,10,30,test_map50_95,10,1.978,0.421157136153874,0.418930787929598,0.994713735009673,14.8519036598438,True,label,50,,True,10,10,0,4.72154,0.26588830243991,0.245499344386345
visdrone→dota15,s2ae,10,100,test_map50_95,10,0.514,0.215571591614274,0.214432023056614,0.994713735009673,7.54000425174261,True,label,20,,False,10,10,0,2.39703,0.173231300088712,0.203650616009674
visdrone→dota15,s2ae,10,100,test_map50_95,10,0.565000000000001,0.326300815540234,0.324575902962729,0.994713735009673,5.47558201789057,True,label,30,,False,10,10,0,1.74073,0.173231300088712,0.219441555407343
visdrone→dota15,s2ae,10,100,test_map50_95,10,0.915,0.399367555573113,0.397256392845815,0.994713735009673,7.24516555908445,True,label,40,,False,10,10,0,2.3033,0.173231300088712,0.271850004446819
visdrone→dota15,s2ae,10,100,test_map50_95,10,1.193,0.267251442153888,0.265838680211616,0.994713735009673,14.1162839690442,True,label,50,,True,10,10,0,4.48768,0.173231300088712,0.187872492476133
visdrone→dota15,s2ae,20,30,test_map50_95,10,-1.032,0.401519336742053,0.399396799129294,0.994713735009673,-8.12780418441046,True,epoch,,100,True,10,10,10,2.5839,0.329235387019965,0.203650616009674
visdrone→dota15,s2ae,20,30,test_map50_95,10,0.52,0.406967102137534,0.40481576619329,0.994713735009673,4.04058307084448,True,label,30,,False,10,10,1,1.28453,0.329235387019965,0.183344208033009
visdrone→dota15,s2ae,20,30,test_map50_95,10,0.693000000000001,0.510969666418663,0.508268545359955,0.994713735009673,4.28882292339662,True,label,40,,False,10,10,1,1.36345,0.329235387019965,0.272955845011143
visdrone→dota15,s2ae,20,30,test_map50_95,10,0.555,0.485071586927583,0.482507369979806,0.994713735009673,3.61815482228083,True,label,50,,False,10,10,2,1.15024,0.329235387019965,0.245499344386345
visdrone→dota15,s2ae,20,100,test_map50_95,10,0.051000000000001,0.212417304170614,0.211294410012237,0.994713735009673,0.759242102701073,False,label,30,,False,10,10,4,0.241369,0.203650616009674,0.219441555407343
visdrone→dota15,s2ae,20,100,test_map50_95,10,0.401,0.439834564858703,0.437509482796955,0.994713735009673,2.88306886962122,False,label,40,,False,10,10,1,0.916552,0.203650616009674,0.271850004446819
visdrone→dota15,s2ae,20,100,test_map50_95,10,0.679000000000001,0.287883078117951,0.286361251880789,0.994713735009673,7.4585367965761,True,label,50,,False,10,10,0,2.37113,0.203650616009674,0.187872492476133
visdrone→dota15,s2ae,30,30,test_map50_95,10,-1.501,0.314976189576291,0.313311141972548,0.994713735009673,-15.0696431190493,True,epoch,,100,True,10,10,10,4.79076,0.183344208033009,0.219441555407343
visdrone→dota15,s2ae,30,30,test_map50_95,10,0.173000000000001,0.25751159628689,0.256150321750835,0.994713735009673,2.1244636866747,False,label,40,,False,10,10,2,0.675385,0.183344208033009,0.272955845011143
visdrone→dota15,s2ae,30,30,test_map50_95,10,0.0350000000000005,0.261544557495574,0.260161963657874,0.994713735009673,0.42317729401717,False,label,50,,False,10,10,4,0.134532,0.183344208033009,0.245499344386345
visdrone→dota15,s2ae,30,100,test_map50_95,10,0.35,0.37685835830219,0.374866185156385,0.994713735009673,2.93690495825869,False,label,40,,False,10,10,1,0.933667,0.219441555407343,0.271850004446819
visdrone→dota15,s2ae,30,100,test_map50_95,10,0.628,0.298656249818341,0.297077473740784,0.994713735009673,6.64948539263345,True,label,50,,False,10,10,0,2.11393,0.219441555407343,0.187872492476133
visdrone→dota15,s2ae,40,30,test_map50_95,10,-1.324,0.341441389146398,0.339636439484705,0.994713735009673,-12.2622967078773,True,epoch,,100,True,10,10,10,3.89829,0.272955845011143,0.271850004446819
visdrone→dota15,s2ae,40,30,test_map50_95,10,-0.138,0.24393988330461,0.242650352439752,0.994713735009673,-1.78894205896749,False,label,50,,False,10,10,7,0.56872,0.272955845011143,0.245499344386345
visdrone→dota15,s2ae,40,100,test_map50_95,10,0.278,0.335088711305594,0.333317343582366,0.994713735009673,2.62352374122528,False,label,50,,False,10,10,2,0.83404,0.271850004446819,0.187872492476133
visdrone→dota15,s2ae,50,30,test_map50_95,10,-0.908,0.324064465466021,0.322351374827619,0.994713735009673,-8.86042260543361,True,epoch,,100,True,10,10,10,2.8168,0.245499344386345,0.187872492476133
y11_shwd→sfchd,y11,20,30,test_map50_95,3,-1.27666666666667,0.405257120027931,1.25488278449128,3.09651014744612,-5.45641623975383,True,epoch,,100,True,10,3,3,1.01736,0.363671839832458,0.278685913270155
y26_shwd→sfchd,y26,20,30,test_map50_95,3,-1.17,0.355949434611156,1.10220103625115,3.09651014744612,-5.69322282270055,True,epoch,,100,True,3,3,3,1.06151,1.0952194867532,0.406103498635096
chv→gdut_hwd,cg,,30,best_map50_95,3,-1.266,1.04378589758628,3.23209362363708,3.09651014744612,-2.10079129010357,False,epoch,,200,True,3,3,3,0.391697,2.66835103073703,1.42017784537264
chv→gdut_hwd,s2hv,10,30,best_map50_95,3,-3.144,1.03856776379782,3.21593561941036,3.09651014744612,-5.24334369775093,False,epoch,,100,True,3,3,3,0.977632,1.04195150879584,4.06730586043919
chv→gdut_hwd,s2hv,10,30,best_map50_95,3,-0.747333333333333,0.509874821238838,1.57883255789334,3.09651014744612,-2.53870018601449,False,label,20,,False,3,3,3,0.473346,1.04195150879584,2.29945086657447
chv→gdut_hwd,s2hv,10,30,best_map50_95,3,-1.36366666666667,0.579103905472356,1.79320111972083,3.09651014744612,-4.07861167734348,False,label,30,,False,3,3,3,0.760465,1.04195150879584,0.884498669717719
chv→gdut_hwd,s2hv,10,30,best_map50_95,3,-2.70033333333333,0.730057760271975,2.26063126290396,3.09651014744612,-6.40649930077142,True,label,40,,False,3,3,3,1.1945,1.04195150879584,1.27345399431787
chv→gdut_hwd,s2hv,10,30,best_map50_95,3,-2.407,1.5775778903116,4.88498594573653,3.09651014744612,-2.64268808495714,False,label,50,,True,3,3,3,0.492734,1.04195150879584,3.965800292004
chv→gdut_hwd,s2hv,10,100,best_map50_95,3,0.943000000000003,1.50274981284311,4.65328004454147,3.09651014744612,1.08689011143332,False,label,20,,False,3,3,1,0.202653,4.06730586043919,0.592065372263618
chv→gdut_hwd,s2hv,10,100,best_map50_95,3,-1.195,1.57403811897933,4.87402500788652,3.09651014744612,-1.31496225541663,False,label,30,,False,3,3,2,0.245177,4.06730586043919,1.50260846978015
chv→gdut_hwd,s2hv,10,100,best_map50_95,3,-1.63266666666667,1.73308751462046,5.36652307543445,3.09651014744612,-1.63169002986561,False,label,40,,False,3,3,2,0.304232,4.06730586043919,1.43556004921926
chv→gdut_hwd,s2hv,10,100,best_map50_95,3,-0.660666666666663,1.55971322150367,4.82966781749199,3.09651014744612,-0.733665790452582,False,label,50,,True,3,3,2,0.136793,4.06730586043919,2.41591565896974
chv→gdut_hwd,s2hv,20,30,best_map50_95,3,-1.45366666666666,0.812010057408983,2.51439738259523,3.09651014744612,-3.10073071258501,False,epoch,,100,True,3,3,3,0.578137,2.29945086657447,0.592065372263618
chv→gdut_hwd,s2hv,20,30,best_map50_95,3,-0.616333333333337,0.845213779663659,2.61721304548981,3.09651014744612,-1.26301850894626,False,label,30,,False,3,3,2,0.235492,2.29945086657447,0.884498669717719
chv→gdut_hwd,s2hv,20,30,best_map50_95,3,-1.953,1.00819095413518,3.12187352004296,3.09651014744612,-3.35521283275517,False,label,40,,False,3,3,3,0.625586,2.29945086657447,1.27345399431787
chv→gdut_hwd,s2hv,20,30,best_map50_95,3,-1.65966666666667,1.70977669107206,5.2943408737715,3.09651014744612,-1.68128797480138,False,label,50,,False,3,3,2,0.313479,2.29945086657447,3.965800292004
chv→gdut_hwd,s2hv,20,100,best_map50_95,3,-2.138,0.414406804963438,1.28321487674001,3.09651014744612,-8.93596481097597,True,label,30,,False,3,3,3,1.66613,0.592065372263618,1.50260846978015
chv→gdut_hwd,s2hv,20,100,best_map50_95,3,-2.57566666666667,0.292057072048137,0.90435768723046,3.09651014744612,-15.275047095223,True,label,40,,False,3,3,3,2.84806,0.592065372263618,1.43556004921926
chv→gdut_hwd,s2hv,20,100,best_map50_95,3,-1.60366666666667,0.822611897150364,2.54722608693601,3.09651014744612,-3.37660098850183,False,label,50,,False,3,3,3,0.629574,0.592065372263618,2.41591565896974
chv→gdut_hwd,s2hv,30,30,best_map50_95,3,-2.97533333333333,0.391502660697644,1.21229196160241,3.09651014744612,-13.1632017355983,True,epoch,,100,True,3,3,3,2.4543,0.884498669717719,1.50260846978015
chv→gdut_hwd,s2hv,30,30,best_map50_95,3,-1.33666666666666,0.164846393146266,0.510448529147307,3.09651014744612,-14.0444357638821,True,label,40,,False,3,3,3,2.61861,0.884498669717719,1.27345399431787
chv→gdut_hwd,s2hv,30,30,best_map50_95,3,-1.04333333333333,1.00252547764799,3.10433031461028,3.09651014744612,-1.80255403264479,False,label,50,,False,3,3,2,0.33609,0.884498669717719,3.965800292004
chv→gdut_hwd,s2hv,30,100,best_map50_95,3,-0.437666666666666,0.30102546957581,0.932128421181232,3.09651014744612,-2.51826167571202,False,label,40,,False,3,3,3,0.469535,1.50260846978015,1.43556004921926
chv→gdut_hwd,s2hv,30,100,best_map50_95,3,0.534333333333337,1.23320936313885,3.81864530688502,3.09651014744612,0.750474744333231,False,label,50,,False,3,3,1,0.139927,1.50260846978015,2.41591565896974
chv→gdut_hwd,s2hv,40,30,best_map50_95,3,-2.07633333333333,0.266333124739174,0.824703223355888,3.09651014744612,-13.5030700004144,True,epoch,,100,True,3,3,3,2.51767,1.27345399431787,1.43556004921926
chv→gdut_hwd,s2hv,40,30,best_map50_95,3,0.293333333333331,0.87318974646599,2.70384091057785,3.09651014744612,0.581853187057156,False,label,50,,False,3,3,1,0.108488,1.27345399431787,3.965800292004
chv→gdut_hwd,s2hv,40,100,best_map50_95,3,0.972000000000003,1.07029855647851,3.31419034093264,3.09651014744612,1.57297547938042,False,label,50,,False,3,3,0,0.293284,1.43556004921926,2.41591565896974
chv→gdut_hwd,s2hv,50,30,best_map50_95,3,-1.39766666666666,1.47593574837569,4.57025002182382,3.09651014744612,-1.64019990800838,False,epoch,,100,True,3,3,2,0.305818,3.965800292004,2.41591565896974
dota15→dota15,g3,20,100,best_map50_95,5,-0.0252000000000002,0.135265294883795,0.224875326670707,1.66247615002721,-0.416580713341171,False,epoch,,200,True,5,5,3,0.112062,0.234711371483595,0.309529665729577
dota15→dota15,g3clean,20,50,best_map50_95,5,0.6354,0.440598229683233,0.732484048592585,1.66247615002721,3.22470109315883,False,epoch,,100,False,5,5,0,0.867459,0.564247197331789,0.234711371483595
dota15→dota15,g3clean,20,50,best_map50_95,5,0.6102,0.48591892327836,0.807828620797174,1.66247615002721,2.80797601102837,False,epoch,,200,False,5,5,1,0.755358,0.564247197331789,0.309529665729577
dota15→dota15,g3clean,20,50,best_map50_95,5,0.375999999999999,0.366172090689611,0.608752367577077,1.66247615002721,2.2960831284452,False,epoch,,400,True,5,5,1,0.617657,0.564247197331789,0.585440687074934
dota15→dota15,g3clean,20,100,best_map50_95,5,-0.0252000000000002,0.135265294883795,0.224875326670707,1.66247615002721,-0.416580713341171,False,epoch,,200,False,5,5,3,0.112062,0.234711371483595,0.309529665729577
dota15→dota15,g3clean,20,100,best_map50_95,5,-0.259400000000001,0.365391981302271,0.607455454326214,1.66247615002721,-1.5874350370147,False,epoch,,400,False,5,5,3,0.427027,0.234711371483595,0.585440687074934
dota15→dota15,g3clean,20,200,best_map50_95,5,-0.234200000000001,0.357729926061548,0.59471747022832,1.66247615002721,-1.46391755952883,False,epoch,,400,False,5,5,3,0.3938,0.309529665729577,0.585440687074934
dota15→dota15,g3cleanb,20,50,best_map50_95,5,0.470000000000002,0.236450840556763,0.393093883079505,1.66247615002721,4.44469534111302,True,epoch,,400,True,5,5,0,1.19564,0.561463755806405,0.372083926954516
dota15→dota15,g3ext,20,50,best_map50_95,5,0.470000000000002,0.236450840556763,0.393093883079505,1.66247615002721,4.44469534111302,True,epoch,,400,True,5,5,0,1.19564,0.561463755806405,0.372083926954516
dota→data,dd15,,30,best_map50_95,3,-0.560999999999999,0.495137354680499,1.5331978431478,3.09651014744612,-1.96244636737849,False,epoch,,200,True,3,3,3,0.365902,0.860809400117342,0.80405185578203
fsin→smoke_keremberke,s2sm,10,30,best_map50_95,3,1.03466666666668,0.120355030361574,0.372680572810801,3.09651014744612,14.8900733951938,True,epoch,,100,True,3,3,0,2.77628,0.824371802788827,0.474931712794919
fsin→smoke_keremberke,s2sm,10,30,best_map50_95,3,0.0656666666666713,0.58200715917705,1.80219107427803,3.09651014744612,0.195423718139805,False,label,20,,False,3,3,1,0.0364371,0.824371802788827,0.988103779149225
fsin→smoke_keremberke,s2sm,10,30,best_map50_95,3,0.128666666666673,0.354900455527085,1.09895286187287,3.09651014744612,0.627942851119274,False,label,30,,False,3,3,2,0.117081,0.824371802788827,0.678816424359848
fsin→smoke_keremberke,s2sm,10,30,best_map50_95,3,-0.0566666666666567,0.263833912401972,0.816964386993117,3.09651014744612,-0.372012622898457,False,label,40,,False,3,3,2,0.0693625,0.824371802788827,1.18399712996125
fsin→smoke_keremberke,s2sm,10,30,best_map50_95,3,-0.162333333333331,0.472881944393459,1.4642837393584,3.09651014744612,-0.594587263119097,False,label,50,,True,3,3,1,0.110862,0.824371802788827,0.867279002795009
fsin→smoke_keremberke,s2sm,10,100,best_map50_95,3,0.0706666666666633,0.135633083476461,0.41998921931427,3.09651014744612,0.902421842303958,False,label,20,,False,3,3,1,0.168258,0.474931712794919,0.305112329774193
fsin→smoke_keremberke,s2sm,10,100,best_map50_95,3,0.148333333333328,0.0975209379227529,0.301974573866268,3.09651014744612,2.63452008626992,False,label,30,,False,3,3,0,0.491211,0.474931712794919,0.303715927343245
fsin→smoke_keremberke,s2sm,10,100,best_map50_95,3,-0.296666666666667,0.170438649763866,0.527765008510828,3.09651014744612,-3.01481935165919,False,label,40,,False,3,3,3,0.562119,0.474931712794919,0.417263599021072
fsin→smoke_keremberke,s2sm,10,100,best_map50_95,3,-0.781666666666673,0.4592453955494,1.42205802748663,3.09651014744612,-2.94806740442115,False,label,50,,True,3,3,3,0.549673,0.474931712794919,0.998845734498821
fsin→smoke_keremberke,s2sm,20,30,best_map50_95,3,1.03966666666667,0.342476763202021,1.06048277251956,3.09651014744612,5.25803699137454,False,epoch,,100,True,3,3,0,0.980371,0.988103779149225,0.305112329774193
fsin→smoke_keremberke,s2sm,20,30,best_map50_95,3,0.0630000000000019,0.33465952847633,1.03627662586649,3.09651014744612,0.326060343698119,False,label,30,,False,3,3,2,0.0607946,0.988103779149225,0.678816424359848
fsin→smoke_keremberke,s2sm,20,30,best_map50_95,3,-0.122333333333328,0.675642163673443,2.09213281585727,3.09651014744612,-0.313609126524251,False,label,40,,False,3,3,1,0.058473,0.988103779149225,1.18399712996125
fsin→smoke_keremberke,s2sm,20,30,best_map50_95,3,-0.228000000000002,0.355211204778233,1.09991510008236,3.09651014744612,-1.11175429945195,False,label,50,,False,3,3,2,0.207289,0.988103779149225,0.867279002795009
fsin→smoke_keremberke,s2sm,20,100,best_map50_95,3,0.0776666666666648,0.149322916303341,0.462379925579545,3.09651014744612,0.900883910195701,False,label,30,,False,3,3,1,0.167972,0.305112329774193,0.303715927343245
fsin→smoke_keremberke,s2sm,20,100,best_map50_95,3,-0.367333333333331,0.214271634458068,0.663494290409275,3.09651014744612,-2.96931508576079,False,label,40,,False,3,3,3,0.553635,0.305112329774193,0.417263599021072
fsin→smoke_keremberke,s2sm,20,100,best_map50_95,3,-0.852333333333336,0.412195746379472,1.27636831139816,3.09651014744612,-3.58151351945004,False,label,50,,False,3,3,3,0.66778,0.305112329774193,0.998845734498821
fsin→smoke_keremberke,s2sm,30,30,best_map50_95,3,1.05433333333333,0.281151797670461,0.870589394459304,3.09651014744612,6.49527734333474,True,epoch,,100,True,3,3,0,1.21106,0.678816424359848,0.303715927343245
fsin→smoke_keremberke,s2sm,30,30,best_map50_95,3,-0.18533333333333,0.56296921170995,1.74323987675961,3.09651014744612,-0.570203028855534,False,label,40,,False,3,3,2,0.106315,0.678816424359848,1.18399712996125
fsin→smoke_keremberke,s2sm,30,30,best_map50_95,3,-0.291000000000004,0.478651230020354,1.4821483908456,3.09651014744612,-1.05301470755881,False,label,50,,False,3,3,2,0.196337,0.678816424359848,0.867279002795009
fsin→smoke_keremberke,s2sm,30,100,best_map50_95,3,-0.444999999999995,0.0765310394545793,0.236979140265704,3.09651014744612,-10.0712418759918,True,label,40,,False,3,3,3,1.8778,0.303715927343245,0.417263599021072
fsin→smoke_keremberke,s2sm,30,100,best_map50_95,3,-0.930000000000001,0.366627876736063,1.13526694064984,3.09651014744612,-4.39357548416507,False,label,50,,False,3,3,3,0.819191,0.303715927343245,0.998845734498821
fsin→smoke_keremberke,s2sm,40,30,best_map50_95,3,0.794666666666666,0.256273941970953,0.793554861839076,3.09651014744612,5.37082713584696,True,epoch,,100,True,3,3,0,1.0014,1.18399712996125,0.417263599021072
fsin→smoke_keremberke,s2sm,40,30,best_map50_95,3,-0.105666666666674,0.417015986903777,1.29129423509481,3.09651014744612,-0.438880141483292,False,label,50,,False,3,3,2,0.08183,1.18399712996125,0.867279002795009
fsin→smoke_keremberke,s2sm,40,100,best_map50_95,3,-0.485000000000006,0.316147117652526,0.978952757896892,3.09651014744612,-2.65713205898717,False,label,50,,False,3,3,3,0.495427,0.417263599021072,0.998845734498821
fsin→smoke_keremberke,s2sm,50,30,best_map50_95,3,0.415333333333334,0.0920018115763646,0.284884543129639,3.09651014744612,7.81917685189456,True,epoch,,100,True,3,3,0,1.4579,0.867279002795009,0.998845734498821
mafa→mask_clean,s2mk,10,30,best_map50_95,3,-0.316333333333337,0.749836204336206,2.32187541564955,3.09651014744612,-0.730700121296485,False,epoch,,100,True,3,3,2,0.13624,3.39469227288102,3.78931414984956
mafa→mask_clean,s2mk,10,30,best_map50_95,3,-0.741000000000003,0.802618838552901,2.48531737811048,3.09651014744612,-1.59907740356876,False,label,20,,False,3,3,3,0.298151,3.39469227288102,3.13391355299216
mafa→mask_clean,s2mk,10,30,best_map50_95,3,0.299000000000001,1.11700537151796,3.4588184676572,3.09651014744612,0.463635363507084,False,label,30,,False,3,3,2,0.0864457,3.39469227288102,0.268564617134045
mafa→mask_clean,s2mk,10,30,best_map50_95,3,0.521999999999997,0.89255980191805,2.76382048384174,3.09651014744612,1.01296352312532,False,label,40,,False,3,3,1,0.188869,3.39469227288102,1.9324166811758
mafa→mask_clean,s2mk,10,30,best_map50_95,3,1.15166666666667,0.918440163175226,2.84395928509416,3.09651014744612,2.17188365669238,False,label,50,,True,3,3,0,0.404952,3.39469227288102,1.51363400279042
mafa→mask_clean,s2mk,10,100,best_map50_95,3,0.0733333333333401,0.888505674339406,2.75126683665543,3.09651014744612,0.142955822219329,False,label,20,,False,3,3,1,0.0266544,3.78931414984956,2.13339062413149
mafa→mask_clean,s2mk,10,100,best_map50_95,3,0.733666666666677,1.26810738241417,3.92670737769684,3.09651014744612,1.00208228428351,False,label,30,,False,3,3,1,0.18684,3.78931414984956,0.202413257405239
mafa→mask_clean,s2mk,10,100,best_map50_95,3,0.943666666666672,1.37837198655999,4.26814284333848,3.09651014744612,1.18580370757173,False,label,40,,False,3,3,1,0.221095,3.78931414984956,0.787262966010568
mafa→mask_clean,s2mk,10,100,best_map50_95,3,1.24633333333334,1.80338829244656,5.58421014734632,3.09651014744612,1.19703153532809,False,label,50,,True,3,3,0,0.223189,3.78931414984956,2.51780043599928
mafa→mask_clean,s2mk,20,30,best_map50_95,3,0.498000000000006,0.612095580771508,1.8953601770659,3.09651014744612,1.40919380774177,False,epoch,,100,True,3,3,1,0.262747,3.13391355299216,2.13339062413149
mafa→mask_clean,s2mk,20,30,best_map50_95,3,1.04,0.967705017037733,2.99650840499187,3.09651014744612,1.86144828037137,False,label,30,,False,3,3,1,0.347071,3.13391355299216,0.268564617134045
mafa→mask_clean,s2mk,20,30,best_map50_95,3,1.263,1.26961253932056,3.93136811133096,3.09651014744612,1.72302974506709,False,label,40,,False,3,3,1,0.321262,3.13391355299216,1.9324166811758
mafa→mask_clean,s2mk,20,30,best_map50_95,3,1.89266666666667,0.542238262513209,1.67904628220571,3.09651014744612,6.0456722719357,True,label,50,,False,3,3,0,1.12723,3.13391355299216,1.51363400279042
mafa→mask_clean,s2mk,20,100,best_map50_95,3,0.660333333333337,0.754257471513099,2.33556591432737,3.09651014744612,1.51636666053866,False,label,30,,False,3,3,1,0.282729,2.13339062413149,0.202413257405239
mafa→mask_clean,s2mk,20,100,best_map50_95,3,0.870333333333332,0.68042217287015,2.10693416283976,3.09651014744612,2.21547976088926,False,label,40,,False,3,3,0,0.41308,2.13339062413149,0.787262966010568
mafa→mask_clean,s2mk,20,100,best_map50_95,3,1.173,1.49494381165313,4.62910868264572,3.09651014744612,1.35904478913599,False,label,50,,False,3,3,1,0.253397,2.13339062413149,2.51780043599928
mafa→mask_clean,s2mk,30,30,best_map50_95,3,0.118333333333339,0.108186567249974,0.335000803306906,3.09651014744612,1.89449901935378,False,epoch,,100,True,3,3,1,0.353233,0.268564617134045,0.202413257405239
mafa→mask_clean,s2mk,30,30,best_map50_95,3,0.222999999999995,0.704244985782643,2.180701744764,3.09651014744612,0.548455917877224,False,label,40,,False,3,3,1,0.102261,0.268564617134045,1.9324166811758
mafa→mask_clean,s2mk,30,30,best_map50_95,3,0.852666666666665,0.432464256711841,1.33912995931596,3.09651014744612,3.4149920268928,False,label,50,,False,3,3,0,0.636732,0.268564617134045,1.51363400279042
mafa→mask_clean,s2mk,30,100,best_map50_95,3,0.209999999999995,0.278910379871385,0.863648821499797,3.09651014744612,1.30411306225743,False,label,40,,False,3,3,1,0.243154,0.202413257405239,0.787262966010568
mafa→mask_clean,s2mk,30,100,best_map50_95,3,0.512666666666661,0.748485359464923,2.31769251079799,3.09651014744612,1.18634880800932,False,label,50,,False,3,3,1,0.221197,0.202413257405239,2.51780043599928
mafa→mask_clean,s2mk,40,30,best_map50_95,3,0.105333333333339,0.835325884510553,2.58659507781134,3.09651014744612,0.218408992761946,False,epoch,,100,True,3,3,1,0.0407228,1.9324166811758,0.787262966010568
mafa→mask_clean,s2mk,40,30,best_map50_95,3,0.629666666666669,0.918338898954695,2.84364571940772,3.09651014744612,1.1875949714649,False,label,50,,False,3,3,1,0.221429,1.9324166811758,1.51363400279042
mafa→mask_clean,s2mk,40,100,best_map50_95,3,0.302666666666666,0.944775811149575,2.9255078862863,3.09651014744612,0.554876657761069,False,label,50,,False,3,3,1,0.103458,0.787262966010568,2.51780043599928
mafa→mask_clean,s2mk,50,30,best_map50_95,3,-0.221666666666664,1.24004610129354,3.83981533595646,3.09651014744612,-0.309615851064405,False,epoch,,100,True,3,3,1,0.0577285,1.51363400279042,2.51780043599928
mendein→mende,mendein,20,30,best_map50_95,3,-0.511333333333334,1.36758814463029,4.23475056737471,3.09651014744612,-0.647603824597582,False,epoch,,100,True,3,10,2,0.120747,2.32584880338929,1.17850451616729
pcb→neu_det,pn,,30,best_map50_95,3,-0.587,0.419531881982761,1.29908472973679,3.09651014744612,-2.42344829488956,False,epoch,,200,True,3,3,3,0.451857,2.68847052344049,2.35066593720926
pcb→neu_det,s2df,10,30,best_map50_95,10,-7.6911,4.39299344790467,4.36977092043828,0.994713735009673,-5.53640564242627,True,epoch,,100,True,10,10,9,1.76007,4.53285605771191,1.16544026383859
pcb→neu_det,s2df,10,30,best_map50_95,10,-0.875,5.52009162564858,5.49091095854452,0.994713735009673,-0.501258518933049,False,label,20,,False,10,10,7,0.159354,4.53285605771191,1.92531617629524
pcb→neu_det,s2df,10,30,best_map50_95,10,-5.7938,4.93566521014814,4.90957397594376,0.994713735009673,-3.71208409148433,True,label,30,,False,10,10,9,1.1801,4.53285605771191,0.721574725796991
pcb→neu_det,s2df,10,30,best_map50_95,10,-6.2835,4.8502132656433,4.82457375306151,0.994713735009673,-4.0967624698937,True,label,40,,False,10,10,9,1.30239,4.53285605771191,0.924932646728305
pcb→neu_det,s2df,10,30,best_map50_95,10,-7.6876,4.72387983665028,4.69890815605129,0.994713735009673,-5.14626251745407,True,label,50,,True,10,10,9,1.63604,4.53285605771191,1.00232698582743
pcb→neu_det,s2df,10,100,best_map50_95,10,-0.331099999999999,1.4854775850061,1.47762495685457,0.994713735009673,-0.704844114680766,False,label,20,,False,10,10,5,0.224076,1.16544026383859,1.06255648336768
pcb→neu_det,s2df,10,100,best_map50_95,10,-0.554199999999999,2.15542833072429,2.14403416540042,0.994713735009673,-0.813079356100144,False,label,30,,False,10,10,6,0.258485,1.16544026383859,1.08555555160092
pcb→neu_det,s2df,10,100,best_map50_95,10,0.549900000000002,2.09142335636656,2.08036753829785,0.994713735009673,0.831460775281607,False,label,40,,False,10,10,5,0.264328,1.16544026383859,1.11605267527903
pcb→neu_det,s2df,10,100,best_map50_95,10,0.974000000000003,1.33420513165455,1.32715216977717,0.994713735009673,2.30853439844323,False,label,50,,True,10,10,3,0.733902,1.16544026383859,0.844319498891015
pcb→neu_det,s2df,20,30,best_map50_95,10,-7.1472,1.95848653585137,1.94813345704288,0.994713735009673,-11.5402533941498,True,epoch,,100,True,10,10,10,3.66874,1.92531617629524,1.06255648336768
pcb→neu_det,s2df,20,30,best_map50_95,10,-4.9188,1.57932149988531,1.570972787932,0.994713735009673,-9.84892015714708,True,label,30,,False,10,10,10,3.13105,1.92531617629524,0.721574725796991
pcb→neu_det,s2df,20,30,best_map50_95,10,-5.4085,1.80738511237767,1.79783079573407,0.994713735009673,-9.46294102341085,True,label,40,,False,10,10,10,3.00835,1.92531617629524,0.924932646728305
pcb→neu_det,s2df,20,30,best_map50_95,10,-6.8126,2.35394119628243,2.34149763934723,0.994713735009673,-9.15202674632927,True,label,50,,False,10,10,10,2.90951,1.92531617629524,1.00232698582743
pcb→neu_det,s2df,20,100,best_map50_95,10,-0.2231,1.49912303623745,1.49119827461479,0.994713735009673,-0.470611236656243,False,label,30,,False,10,10,4,0.149611,1.06255648336768,1.08555555160092
pcb→neu_det,s2df,20,100,best_map50_95,10,0.881000000000001,1.68825458848941,1.67933002736352,0.994713735009673,1.65020526975207,False,label,40,,False,10,10,4,0.524614,1.06255648336768,1.11605267527903
pcb→neu_det,s2df,20,100,best_map50_95,10,1.3051,1.42619769940138,1.41865844043375,0.994713735009673,2.89377032091556,False,label,50,,False,10,10,2,0.919954,1.06255648336768,0.844319498891015
pcb→neu_det,s2df,30,30,best_map50_95,10,-2.4515,1.24325068983603,1.23667853724015,0.994713735009673,-6.2355273536387,True,epoch,,100,True,10,10,9,1.98233,0.721574725796991,1.08555555160092
pcb→neu_det,s2df,30,30,best_map50_95,10,-0.489699999999999,1.24540551628777,1.23882197270826,0.994713735009673,-1.24342420997165,False,label,40,,False,10,10,6,0.395295,0.721574725796991,0.924932646728305
pcb→neu_det,s2df,30,30,best_map50_95,10,-1.8938,1.19862549057938,1.19228923861202,0.994713735009673,-4.99632410614936,True,label,50,,False,10,10,10,1.58837,0.721574725796991,1.00232698582743
pcb→neu_det,s2df,30,100,best_map50_95,10,1.1041,0.802867700461567,0.798623529044753,0.994713735009673,4.34874981592194,True,label,40,,False,10,10,1,1.3825,1.08555555160092,1.11605267527903
pcb→neu_det,s2df,30,100,best_map50_95,10,1.5282,1.58926473565608,1.58086346112363,0.994713735009673,3.04077263645715,False,label,50,,False,10,10,1,0.966687,1.08555555160092,0.844319498891015
pcb→neu_det,s2df,40,30,best_map50_95,10,-0.857699999999998,1.1757433629647,1.16952807198745,0.994713735009673,-2.30686868798241,False,epoch,,100,True,10,10,7,0.733373,0.924932646728305,1.11605267527903
pcb→neu_det,s2df,40,30,best_map50_95,10,-1.4041,1.05177399874899,1.04621404268167,0.994713735009673,-4.22158569038944,True,label,50,,False,10,10,9,1.34208,0.924932646728305,1.00232698582743
pcb→neu_det,s2df,40,100,best_map50_95,10,0.4241,1.65305437498791,1.64431589151831,0.994713735009673,0.811299359518779,False,label,50,,False,10,10,4,0.257919,1.11605267527903,0.844319498891015
pcb→neu_det,s2df,50,30,best_map50_95,10,0.970500000000001,1.58288184791047,1.57451431501403,0.994713735009673,1.93886263415348,False,epoch,,100,True,10,10,2,0.616381,1.00232698582743,0.844319498891015
shwd2sf→gdut_hwd,sgh,,30,best_map50_95,3,-1.80900000000001,0.66262734625127,2.05183230164235,3.09651014744612,-4.72857018144247,False,epoch,,200,True,3,3,3,0.881651,0.6473582608958,1.44112970606231
shwd2sf→roboflow_hardhat,srh,,30,best_map50_95,3,0.196999999999995,0.483608312583648,1.49749804730456,3.09651014744612,0.705558610579181,False,epoch,,200,True,3,3,2,0.131553,0.999232837522897,0.608753734262475
shwd2sf→sfchd,a0,10,30,best_map50_95,3,0.374333333333334,0.135662571600764,0.420080529590403,3.09651014744612,4.77924268019919,False,label,20,,False,3,3,0,0.891099,0.192391070439687,0.398921372481404
shwd2sf→sfchd,a0,10,30,best_map50_95,3,0.478666666666664,0.233786940040143,0.723923632174683,3.09651014744612,3.54628443493866,False,label,30,,False,3,3,0,0.661212,0.192391070439687,0.823522292636738
shwd2sf→sfchd,a0,10,30,best_map50_95,3,0.352333333333334,0.540582401982654,1.67391889327009,3.09651014744612,1.12889215833744,False,label,40,,False,3,3,0,0.210484,0.192391070439687,1.81017173660062
shwd2sf→sfchd,a0,10,30,best_map50_95,3,0.535666666666668,0.0159478316185399,0.049382622436571,3.09651014744612,58.177306155473,True,label,50,,True,3,3,0,10.8473,0.192391070439687,0.235260062830897
shwd2sf→sfchd,a0,20,30,best_map50_95,3,-0.316666666666665,0.286018064697551,0.885657839688869,3.09651014744612,-1.91765074807472,False,epoch,,100,True,3,3,2,0.35755,0.398921372481404,0.723181531298012
shwd2sf→sfchd,a0,20,30,best_map50_95,3,0.10433333333333,0.369093935649628,1.1429031170999,3.09651014744612,0.489606078025329,False,label,30,,False,3,3,1,0.091288,0.398921372481404,0.823522292636738
shwd2sf→sfchd,a0,20,30,best_map50_95,3,-0.0219999999999998,0.667445128830829,2.06675061428815,3.09651014744612,-0.0570910118608014,False,label,40,,False,3,3,2,0.0106447,0.398921372481404,1.81017173660062
shwd2sf→sfchd,a0,20,30,best_map50_95,3,0.161333333333334,0.132824445541221,0.411292243447297,3.09651014744612,2.10381100518923,False,label,50,,False,3,3,0,0.39226,0.398921372481404,0.235260062830897
shwd2sf→sfchd,a0,20,100,best_map50_95,3,0.398666666666662,0.39689083301751,1.22897649186707,3.09651014744612,1.73980063157649,False,label,40,,True,3,3,0,0.324389,0.723181531298012,0.658902144363389
shwd2sf→sfchd,a0,30,30,best_map50_95,3,-0.12633333333333,0.326227425783511,1.01016653431387,3.09651014744612,-0.670746033989405,False,label,40,,False,3,3,2,0.125062,0.823522292636738,1.81017173660062
shwd2sf→sfchd,a0,30,30,best_map50_95,3,0.0570000000000033,0.236634739630511,0.73274187250415,3.09651014744612,0.417212181886679,False,label,50,,False,3,3,1,0.07779,0.823522292636738,0.235260062830897
shwd2sf→sfchd,a0,40,30,best_map50_95,3,0.103999999999997,0.375851034320782,1.16382654170242,3.09651014744612,0.479267761794735,False,epoch,,100,True,3,3,1,0.0893604,1.81017173660062,0.658902144363389
shwd2sf→sfchd,a0,40,30,best_map50_95,3,0.183333333333333,0.538158279071627,1.66641257207744,3.09651014744612,0.590054376942941,False,label,50,,False,3,3,1,0.110017,1.81017173660062,0.235260062830897
shwd2sf→sfchd,b2,20,30,best_map50_95,10,-0.0870999999999988,0.3838988437365,0.381869452719029,0.994713735009673,-0.717466042668559,False,epoch,,50,False,10,10,7,0.228088,0.317975423680199,0.291700544797905
shwd2sf→sfchd,b2,20,30,best_map50_95,10,-0.126899999999999,0.376553213002122,0.374562652935234,0.994713735009673,-1.06570073290837,False,epoch,,100,False,10,10,5,0.338795,0.317975423680199,0.187479893684926
shwd2sf→sfchd,b2,20,30,best_map50_95,10,-0.0253999999999993,0.301481969241573,0.299888255662357,0.994713735009673,-0.266423404259755,False,epoch,,200,True,10,10,6,0.0846982,0.317975423680199,0.266330379187249
shwd2sf→sfchd,b2,20,50,best_map50_95,10,-0.0397999999999998,0.360912978123227,0.35900509648242,0.994713735009673,-0.348722984496636,False,epoch,,100,False,10,10,4,0.110862,0.291700544797905,0.187479893684926
shwd2sf→sfchd,b2,20,50,best_map50_95,10,0.0616999999999995,0.307721031672085,0.30609433675557,0.994713735009673,0.634056536767055,False,epoch,,200,False,10,10,4,0.201572,0.291700544797905,0.266330379187249
shwd2sf→sfchd,b2,20,100,best_map50_95,10,0.101499999999999,0.359533107732174,0.357632520451906,0.994713735009673,0.892744438840912,False,epoch,,200,False,10,10,3,0.283811,0.187479893684926,0.266330379187249
shwd2sf→sfchd,la,10,100,best_map50_95,3,0.741666666666666,0.543222176768707,1.68209298268207,3.09651014744612,2.36478627693044,False,label,30,,False,3,3,0,0.440919,1.26908193304691,0.554278199541924
shwd2sf→sfchd,la,10,100,best_map50_95,3,0.678333333333334,0.461244331491815,1.42824775291641,3.09651014744612,2.54725688227074,False,label,50,,True,3,3,0,0.474941,1.26908193304691,0.278071668598027
shwd2sf→sfchd,la,30,100,best_map50_95,3,-0.0633333333333319,0.0921538568554445,0.285355352879182,3.09651014744612,-1.19036310458606,False,label,50,,False,3,3,2,0.221945,0.554278199541924,0.278071668598027
shwd2sf→sfchd,shwd2sf,20,30,best_map50_95,3,-0.365666666666666,0.447723500983957,1.38638036404693,3.09651014744612,-1.41460799781362,False,epoch,,50,False,3,3,2,0.263756,0.895694664730243,0.726145384377195
shwd2sf→sfchd,shwd2sf,20,30,best_map50_95,3,-0.242,0.453295709223025,1.40363476340288,3.09651014744612,-0.924686218958759,False,epoch,,100,True,3,10,2,0.17241,0.895694664730243,0.177387951091561
shwd2sf→sfchd,shwd2sf,20,50,best_map50_95,3,0.123666666666666,0.414637592764253,1.28392951350714,3.09651014744612,0.516588349940414,False,epoch,,100,False,3,10,1,0.0963189,0.726145384377195,0.177387951091561
shwd→sfchd,a0,10,30,best_map50_95,3,-0.191333333333329,0.189616279188614,0.58714873262852,3.09651014744612,-1.74773524685183,False,epoch,,100,True,3,3,3,0.325869,0.416562144448261,0.806141989009533
shwd→sfchd,a0,10,30,best_map50_95,3,0.523666666666672,0.124134335835552,0.384383230561271,3.09651014744612,7.30673964452908,True,label,20,,False,3,3,0,1.36236,0.416562144448261,0.401226152643846
shwd→sfchd,a0,10,30,best_map50_95,3,0.699666666666669,0.137587547886184,0.4260412381918,3.09651014744612,8.8079061924376,True,label,30,,False,3,3,0,1.64225,0.416562144448261,0.351645960203462
shwd→sfchd,a0,10,30,best_map50_95,3,0.429666666666671,0.305891048141872,0.947194734584237,3.09651014744612,2.43290708082531,False,label,40,,False,3,3,0,0.45362,0.416562144448261,0.531494416477619
shwd→sfchd,a0,10,30,best_map50_95,3,0.363666666666668,0.131705479511418,0.407827353781365,3.09651014744612,4.78255837207801,False,label,50,,True,3,3,0,0.891717,0.416562144448261,0.102715182556393
shwd→sfchd,a0,10,100,best_map50_95,3,0.337999999999998,0.32994545003682,1.02167943414269,3.09651014744612,1.77433322051553,False,label,20,,False,3,3,0,0.330828,0.806141989009533,0.225010703339467
shwd→sfchd,a0,10,100,best_map50_95,3,0.606333333333331,0.427861348258211,1.32487700658153,3.09651014744612,2.45453379682742,False,label,30,,False,3,3,0,0.457653,0.806141989009533,0.539951228547533
shwd→sfchd,a0,10,100,best_map50_95,3,0.842333333333332,0.283931916721828,0.87919806131297,3.09651014744612,5.13842947663945,False,label,40,,False,3,3,0,0.95807,0.806141989009533,0.5177225448842
shwd→sfchd,a0,10,100,best_map50_95,3,0.876333333333333,0.164852459288093,0.510467313017028,3.09651014744612,9.20734737142718,True,label,50,,True,3,3,0,1.71673,0.806141989009533,0.580596340759109
shwd→sfchd,a0,20,30,best_map50_95,3,-0.377000000000003,0.195762611343433,0.606180912515493,3.09651014744612,-3.33558665759684,False,epoch,,100,True,3,3,3,0.621927,0.401226152643846,0.225010703339467
shwd→sfchd,a0,20,30,best_map50_95,3,0.175999999999997,0.213586048233494,0.661371365707932,3.09651014744612,1.42725119291903,False,label,30,,False,3,3,1,0.266114,0.401226152643846,0.351645960203462
shwd→sfchd,a0,20,30,best_map50_95,3,-0.0940000000000015,0.272352712488787,0.843342937906007,3.09651014744612,-0.597801191049933,False,label,40,,False,3,3,2,0.111461,0.401226152643846,0.531494416477619
shwd→sfchd,a0,20,30,best_map50_95,3,-0.160000000000005,0.0995941765365795,0.308394378272059,3.09651014744612,-2.78257362878283,False,label,50,,False,3,3,3,0.518816,0.401226152643846,0.102715182556393
shwd→sfchd,a0,20,100,best_map50_95,3,0.268333333333333,0.127158693502774,0.393748184767333,3.09651014744612,3.65501527182259,False,label,30,,False,3,3,0,0.681485,0.225010703339467,0.539951228547533
shwd→sfchd,a0,20,100,best_map50_95,3,0.504333333333334,0.17174787723094,0.531819044647937,3.09651014744612,5.08612374934518,False,label,40,,False,3,3,0,0.948318,0.225010703339467,0.5177225448842
shwd→sfchd,a0,20,100,best_map50_95,3,0.538333333333335,0.234299665670556,0.725511292292112,3.09651014744612,3.97960740606564,False,label,50,,False,3,3,0,0.742005,0.225010703339467,0.580596340759109
shwd→sfchd,a0,30,30,best_map50_95,3,-0.284666666666666,0.129465568138149,0.400891445484657,3.09651014744612,-3.80840355454055,False,epoch,,100,True,3,3,3,0.710084,0.351645960203462,0.539951228547533
shwd→sfchd,a0,30,30,best_map50_95,3,-0.269999999999998,0.233707081621419,0.723676349770743,3.09651014744612,-2.00102502157442,False,label,40,,False,3,3,3,0.373095,0.351645960203462,0.531494416477619
shwd→sfchd,a0,30,30,best_map50_95,3,-0.336000000000001,0.141954217971854,0.439562676422626,3.09651014744612,-4.09969551914642,False,label,50,,False,3,3,3,0.764396,0.351645960203462,0.102715182556393
shwd→sfchd,a0,30,100,best_map50_95,3,0.236000000000001,0.296991582372294,0.91963744852189,3.09651014744612,1.37634874133857,False,label,40,,False,3,3,1,0.256623,0.539951228547533,0.5177225448842
shwd→sfchd,a0,30,100,best_map50_95,3,0.270000000000002,0.35726600733907,1.10627781706299,3.09651014744612,1.30897904764772,False,label,50,,False,3,3,1,0.244062,0.539951228547533,0.580596340759109
shwd→sfchd,a0,40,30,best_map50_95,3,0.221333333333333,0.170418113278295,0.527701417074865,3.09651014744612,2.2495295327902,False,epoch,,100,True,3,3,0,0.419429,0.531494416477619,0.5177225448842
shwd→sfchd,a0,40,30,best_map50_95,3,-0.0660000000000031,0.184040756355763,0.569884069599279,3.09651014744612,-0.621141509973869,False,label,50,,False,3,3,2,0.115813,0.531494416477619,0.102715182556393
shwd→sfchd,a0,40,100,best_map50_95,3,0.0340000000000007,0.125367459892908,0.388201611717935,3.09651014744612,0.469736943762345,False,label,50,,False,3,3,1,0.0875834,0.5177225448842,0.580596340759109
shwd→sfchd,a0,50,30,best_map50_95,3,0.321333333333336,0.154522921708505,0.47848179508341,3.09651014744612,3.60183235823562,False,epoch,,100,True,3,3,0,0.671569,0.102715182556393,0.580596340759109
smoke→firesmoke,smokefs,20,30,best_map50_95,3,0.483999999999999,0.87349642243114,2.70479053581591,3.09651014744612,0.959720691849109,False,epoch,,100,True,3,3,1,0.178942,2.13735776460607,1.15084137020649
smoke→sfchd,b2,20,30,best_map50_95,10,-0.9891,0.477979648567222,0.475452921484913,0.994713735009673,-6.54381173560082,True,epoch,,50,False,10,10,10,2.08033,0.436023133730595,0.266816103989111
smoke→sfchd,b2,20,30,best_map50_95,10,-1.9891,0.399947065941924,0.397832839769252,0.994713735009673,-15.7272975088016,True,epoch,,100,False,10,10,10,4.99984,0.436023133730595,0.200055812588767
smoke→sfchd,b2,20,30,best_map50_95,10,-2.1608,0.386096936590339,0.384055925871569,0.994713735009673,-17.697756497203,True,epoch,,200,True,10,10,10,5.62626,0.436023133730595,0.245794392353379
smoke→sfchd,b2,20,50,best_map50_95,10,-0.999999999999999,0.372571245983012,0.370601735648969,0.994713735009673,-8.48771260333002,True,epoch,,100,False,10,10,10,2.69831,0.266816103989111,0.200055812588767
smoke→sfchd,b2,20,50,best_map50_95,10,-1.1717,0.321470250913242,0.319770873980408,0.994713735009673,-11.5259210576821,True,epoch,,200,False,10,10,10,3.66419,0.266816103989111,0.245794392353379
smoke→sfchd,b2,20,100,best_map50_95,10,-0.171700000000001,0.215053507553611,0.213916677725583,0.994713735009673,-2.5247812994427,False,epoch,,200,False,10,10,9,0.802649,0.200055812588767,0.245794392353379
visdrone→dota15,dv,10,100,best_map50_95,3,0.41,0.312811444803415,0.968623813071057,3.09651014744612,2.27018813697665,False,label,30,,False,3,3,0,0.423281,0.448256610050393,0.738976810654514
visdrone→dota15,dv,10,100,best_map50_95,3,1.17766666666667,0.0811315803699979,0.251224761894039,3.09651014744612,25.1416093677038,True,label,50,,True,3,3,0,4.6877,0.448256610050393,0.439664460702347
visdrone→dota15,dv,30,100,best_map50_95,3,0.767666666666667,0.241547786852484,0.74795517308187,3.09651014744612,5.50465681043782,True,label,50,,False,3,3,0,1.02635,0.738976810654514,0.439664460702347
visdrone→dota15,s2ae,10,30,best_map50_95,10,-0.00400000000000034,0.330492561691384,0.328745490432951,0.994713735009673,-0.0382735108346747,False,epoch,,100,True,10,10,6,0.0121675,0.247528449843644,0.150134639594331
visdrone→dota15,s2ae,10,30,best_map50_95,10,1.4209,0.231700692944823,0.230475861683474,0.994713735009673,19.3926063415066,True,label,20,,False,10,10,0,6.16507,0.247528449843644,0.309276551323973
visdrone→dota15,s2ae,10,30,best_map50_95,10,1.9619,0.344407204080028,0.342586576334684,0.994713735009673,18.0137711057947,True,label,30,,False,10,10,0,5.72673,0.247528449843644,0.174798152728565
visdrone→dota15,s2ae,10,30,best_map50_95,10,2.2011,0.43788848149069,0.435573686941319,0.994713735009673,15.8955753622503,True,label,40,,False,10,10,0,5.05334,0.247528449843644,0.249745329756571
visdrone→dota15,s2ae,10,30,best_map50_95,10,2.0428,0.397275107590586,0.395175006097801,0.994713735009673,16.2605224459451,True,label,50,,True,10,10,0,5.16936,0.247528449843644,0.233664445884008
visdrone→dota15,s2ae,10,100,best_map50_95,10,0.4925,0.211137264461876,0.210021136932598,0.994713735009673,7.37634709629451,True,label,20,,False,10,10,0,2.345,0.150134639594331,0.212806263547482
visdrone→dota15,s2ae,10,100,best_map50_95,10,0.4811,0.308056794907836,0.306428325057883,0.994713735009673,4.93860809907527,True,label,30,,False,10,10,0,1.57002,0.150134639594331,0.22123553087586
visdrone→dota15,s2ae,10,100,best_map50_95,10,0.8038,0.30416399085581,0.302556099399631,0.994713735009673,8.35680376263971,True,label,40,,False,10,10,0,2.6567,0.150134639594331,0.196667983899598
visdrone→dota15,s2ae,10,100,best_map50_95,10,1.1408,0.264630895987433,0.263231986946616,0.994713735009673,13.6322946769277,True,label,50,,True,10,10,0,4.33382,0.150134639594331,0.176368601694234
visdrone→dota15,s2ae,20,30,best_map50_95,10,-0.9324,0.382906777166454,0.38088263047576,0.994713735009673,-7.70032777210221,True,epoch,,100,True,10,10,10,2.448,0.309276551323973,0.212806263547482
visdrone→dota15,s2ae,20,30,best_map50_95,10,0.541,0.362227982230958,0.360313149129974,0.994713735009673,4.72297088594411,True,label,30,,False,10,10,1,1.50147,0.309276551323973,0.174798152728565
visdrone→dota15,s2ae,20,30,best_map50_95,10,0.7802,0.469236921915666,0.466756411203175,0.994713735009673,5.25791751508162,True,label,40,,False,10,10,1,1.67154,0.309276551323973,0.249745329756571
visdrone→dota15,s2ae,20,30,best_map50_95,10,0.6219,0.453597827253272,0.451199988939375,0.994713735009673,4.33560382942626,True,label,50,,False,10,10,1,1.37832,0.309276551323973,0.233664445884008
visdrone→dota15,s2ae,20,100,best_map50_95,10,-0.0113999999999996,0.208374769212696,0.20727324496534,0.994713735009673,-0.173005424131367,False,label,30,,False,10,10,6,0.0549999,0.212806263547482,0.22123553087586
visdrone→dota15,s2ae,20,100,best_map50_95,10,0.3113,0.364902437493762,0.362973466513554,0.994713735009673,2.6977540692017,False,label,40,,False,10,10,1,0.857638,0.212806263547482,0.196667983899598
visdrone→dota15,s2ae,20,100,best_map50_95,10,0.6483,0.298549846945382,0.296971633341608,0.994713735009673,6.86687542486737,True,label,50,,False,10,10,1,2.18304,0.212806263547482,0.176368601694234
visdrone→dota15,s2ae,30,30,best_map50_95,10,-1.4848,0.295636338166411,0.294073526142093,0.994713735009673,-15.8821811247542,True,epoch,,100,True,10,10,10,5.04908,0.174798152728565,0.22123553087586
visdrone→dota15,s2ae,30,30,best_map50_95,10,0.2392,0.256604234831255,0.255247756848297,0.994713735009673,2.94779552960107,False,label,40,,False,10,10,2,0.937129,0.174798152728565,0.249745329756571
visdrone→dota15,s2ae,30,30,best_map50_95,10,0.0808999999999997,0.260055741887944,0.258681018324069,0.994713735009673,0.983743949856163,False,label,50,,False,10,10,4,0.31274,0.174798152728565,0.233664445884008
visdrone→dota15,s2ae,30,100,best_map50_95,10,0.3227,0.294895857323677,0.293336959677314,0.994713735009673,3.46043179513463,True,label,40,,False,10,10,0,1.1001,0.22123553087586,0.196667983899598
visdrone→dota15,s2ae,30,100,best_map50_95,10,0.659699999999999,0.291769334311275,0.290226964294054,0.994713735009673,7.15001313396239,True,label,50,,False,10,10,0,2.27305,0.22123553087586,0.176368601694234
visdrone→dota15,s2ae,40,30,best_map50_95,10,-1.4013,0.274263883473158,0.272814051907843,0.994713735009673,-16.1570660674599,True,epoch,,100,True,10,10,10,5.13647,0.249745329756571,0.196667983899598
visdrone→dota15,s2ae,40,30,best_map50_95,10,-0.1583,0.250726078952045,0.249400674458719,0.994713735009673,-1.99655558646693,False,label,50,,False,10,10,7,0.634722,0.249745329756571,0.233664445884008
visdrone→dota15,s2ae,40,100,best_map50_95,10,0.336999999999999,0.294639893202985,0.293082348650793,0.994713735009673,3.61691541458224,True,label,50,,False,10,10,2,1.14985,0.196667983899598,0.176368601694234
visdrone→dota15,s2ae,50,30,best_map50_95,10,-0.906,0.320469100607914,0.318775016020889,0.994713735009673,-8.94009299079926,True,epoch,,100,True,10,10,10,2.84213,0.233664445884008,0.176368601694234
visdrone→vhr10,vvhr,,30,best_map50_95,3,-5.76766666666667,1.32287578152045,4.09629828128879,3.09651014744612,-7.55164759030226,True,epoch,,200,True,3,3,3,1.40802,4.48964322205892,2.77805342579032
y11_shwd→sfchd,y11,20,30,best_map50_95,3,-1.27966666666667,0.403554622490357,1.24961098359018,3.09651014744612,-5.49231147382519,True,epoch,,100,True,10,3,3,1.02405,0.365241582146102,0.270727795419501
y26_shwd→sfchd,y26,20,30,best_map50_95,3,-1.14533333333333,0.35830480506593,1.10949446476536,3.09651014744612,-5.53655853030083,True,epoch,,100,True,3,3,3,1.0323,1.0942312130066,0.362520985810382
