kind,cell,name,loss,pretrain,data,lr,seed,epochs,why
L,mafa→mende20/r10/100ep/sns,r10_prior_lr005_100ep_3way_s42n,shapeiou,/workspace/weights/mafa_pretrain.pt,/root/datasets_mask/mendeley_yolo/mende20_3way.yaml,0.005,42,100,shapeiou-lr005（本格为 0）
L,mafa→mende20/r10/100ep/sns,r10_prior_lr005_100ep_3way_s43n,shapeiou,/workspace/weights/mafa_pretrain.pt,/root/datasets_mask/mendeley_yolo/mende20_3way.yaml,0.005,43,100,shapeiou-lr005（本格为 0）
L,mafa→mende20/r10/100ep/sns,r10_prior_lr005_100ep_3way_s44n,shapeiou,/workspace/weights/mafa_pretrain.pt,/root/datasets_mask/mendeley_yolo/mende20_3way.yaml,0.005,44,100,shapeiou-lr005（本格为 0）
L,mafa→mende20/r10/100ep/sns,r10_prior_sns_base100ep_3way_s45n,sns,/workspace/weights/mafa_pretrain.pt,/root/datasets_mask/mendeley_yolo/mende20_3way.yaml,0.001,45,100,sns-base 补种子
L,mafa→mende20/r10/100ep/sns,r10_prior_sns_lr005_100ep_3way_s45n,sns,/workspace/weights/mafa_pretrain.pt,/root/datasets_mask/mendeley_yolo/mende20_3way.yaml,0.005,45,100,sns-lr005（本格为 0）
L,mafa→mende20/r10/100ep/sns,r10_prior_base100ep_3way_s45n,shapeiou,/workspace/weights/mafa_pretrain.pt,/root/datasets_mask/mendeley_yolo/mende20_3way.yaml,0.001,45,100,shapeiou-base 补种子
L,mafa→mende20/r10/100ep/sns,r10_prior_lr005_100ep_3way_s45n,shapeiou,/workspace/weights/mafa_pretrain.pt,/root/datasets_mask/mendeley_yolo/mende20_3way.yaml,0.005,45,100,shapeiou-lr005（本格为 0）
L,mafa→mende20/r10/100ep/sns,r10_prior_sns_base100ep_3way_s46n,sns,/workspace/weights/mafa_pretrain.pt,/root/datasets_mask/mendeley_yolo/mende20_3way.yaml,0.001,46,100,sns-base 补种子
L,mafa→mende20/r10/100ep/sns,r10_prior_sns_lr005_100ep_3way_s46n,sns,/workspace/weights/mafa_pretrain.pt,/root/datasets_mask/mendeley_yolo/mende20_3way.yaml,0.005,46,100,sns-lr005（本格为 0）
L,mafa→mende20/r10/100ep/sns,r10_prior_base100ep_3way_s46n,shapeiou,/workspace/weights/mafa_pretrain.pt,/root/datasets_mask/mendeley_yolo/mende20_3way.yaml,0.001,46,100,shapeiou-base 补种子
L,mafa→mende20/r10/100ep/sns,r10_prior_lr005_100ep_3way_s46n,shapeiou,/workspace/weights/mafa_pretrain.pt,/root/datasets_mask/mendeley_yolo/mende20_3way.yaml,0.005,46,100,shapeiou-lr005（本格为 0）
L,mafa→mende20/r10/100ep/sns,r10_prior_sns_base100ep_3way_s47n,sns,/workspace/weights/mafa_pretrain.pt,/root/datasets_mask/mendeley_yolo/mende20_3way.yaml,0.001,47,100,sns-base 补种子
L,mafa→mende20/r10/100ep/sns,r10_prior_sns_lr005_100ep_3way_s47n,sns,/workspace/weights/mafa_pretrain.pt,/root/datasets_mask/mendeley_yolo/mende20_3way.yaml,0.005,47,100,sns-lr005（本格为 0）
L,mafa→mende20/r10/100ep/sns,r10_prior_base100ep_3way_s47n,shapeiou,/workspace/weights/mafa_pretrain.pt,/root/datasets_mask/mendeley_yolo/mende20_3way.yaml,0.001,47,100,shapeiou-base 补种子
L,mafa→mende20/r10/100ep/sns,r10_prior_lr005_100ep_3way_s47n,shapeiou,/workspace/weights/mafa_pretrain.pt,/root/datasets_mask/mendeley_yolo/mende20_3way.yaml,0.005,47,100,shapeiou-lr005（本格为 0）
L,mafa→mende20/r10/100ep/sns,r10_prior_sns_base100ep_3way_s48n,sns,/workspace/weights/mafa_pretrain.pt,/root/datasets_mask/mendeley_yolo/mende20_3way.yaml,0.001,48,100,sns-base 补种子
L,mafa→mende20/r10/100ep/sns,r10_prior_sns_lr005_100ep_3way_s48n,sns,/workspace/weights/mafa_pretrain.pt,/root/datasets_mask/mendeley_yolo/mende20_3way.yaml,0.005,48,100,sns-lr005（本格为 0）
L,mafa→mende20/r10/100ep/sns,r10_prior_base100ep_3way_s48n,shapeiou,/workspace/weights/mafa_pretrain.pt,/root/datasets_mask/mendeley_yolo/mende20_3way.yaml,0.001,48,100,shapeiou-base 补种子
L,mafa→mende20/r10/100ep/sns,r10_prior_lr005_100ep_3way_s48n,shapeiou,/workspace/weights/mafa_pretrain.pt,/root/datasets_mask/mendeley_yolo/mende20_3way.yaml,0.005,48,100,shapeiou-lr005（本格为 0）
L,mafa→mende20/r10/100ep/sns,r10_prior_sns_base100ep_3way_s49n,sns,/workspace/weights/mafa_pretrain.pt,/root/datasets_mask/mendeley_yolo/mende20_3way.yaml,0.001,49,100,sns-base 补种子
L,mafa→mende20/r10/100ep/sns,r10_prior_sns_lr005_100ep_3way_s49n,sns,/workspace/weights/mafa_pretrain.pt,/root/datasets_mask/mendeley_yolo/mende20_3way.yaml,0.005,49,100,sns-lr005（本格为 0）
L,mafa→mende20/r10/100ep/sns,r10_prior_base100ep_3way_s49n,shapeiou,/workspace/weights/mafa_pretrain.pt,/root/datasets_mask/mendeley_yolo/mende20_3way.yaml,0.001,49,100,shapeiou-base 补种子
L,mafa→mende20/r10/100ep/sns,r10_prior_lr005_100ep_3way_s49n,shapeiou,/workspace/weights/mafa_pretrain.pt,/root/datasets_mask/mendeley_yolo/mende20_3way.yaml,0.005,49,100,shapeiou-lr005（本格为 0）
L,mafa→mende20/r10/100ep/sns,r10_prior_sns_base100ep_3way_s50n,sns,/workspace/weights/mafa_pretrain.pt,/root/datasets_mask/mendeley_yolo/mende20_3way.yaml,0.001,50,100,sns-base 补种子
L,mafa→mende20/r10/100ep/sns,r10_prior_sns_lr005_100ep_3way_s50n,sns,/workspace/weights/mafa_pretrain.pt,/root/datasets_mask/mendeley_yolo/mende20_3way.yaml,0.005,50,100,sns-lr005（本格为 0）
L,mafa→mende20/r10/100ep/sns,r10_prior_base100ep_3way_s50n,shapeiou,/workspace/weights/mafa_pretrain.pt,/root/datasets_mask/mendeley_yolo/mende20_3way.yaml,0.001,50,100,shapeiou-base 补种子
L,mafa→mende20/r10/100ep/sns,r10_prior_lr005_100ep_3way_s50n,shapeiou,/workspace/weights/mafa_pretrain.pt,/root/datasets_mask/mendeley_yolo/mende20_3way.yaml,0.005,50,100,shapeiou-lr005（本格为 0）
L,mafa→mende20/r10/100ep/sns,r10_prior_sns_base100ep_3way_s51n,sns,/workspace/weights/mafa_pretrain.pt,/root/datasets_mask/mendeley_yolo/mende20_3way.yaml,0.001,51,100,sns-base 补种子
L,mafa→mende20/r10/100ep/sns,r10_prior_sns_lr005_100ep_3way_s51n,sns,/workspace/weights/mafa_pretrain.pt,/root/datasets_mask/mendeley_yolo/mende20_3way.yaml,0.005,51,100,sns-lr005（本格为 0）
L,mafa→mende20/r10/100ep/sns,r10_prior_base100ep_3way_s51n,shapeiou,/workspace/weights/mafa_pretrain.pt,/root/datasets_mask/mendeley_yolo/mende20_3way.yaml,0.001,51,100,shapeiou-base 补种子
L,mafa→mende20/r10/100ep/sns,r10_prior_lr005_100ep_3way_s51n,shapeiou,/workspace/weights/mafa_pretrain.pt,/root/datasets_mask/mendeley_yolo/mende20_3way.yaml,0.005,51,100,shapeiou-lr005（本格为 0）
L,mendein→mende/mendein/100ep/pws,mendein_lr005_100ep_s45n,shapeiou,/workspace/weights/mendein_pretrain.pt,/root/datasets_mask/mendeley_yolo/mende_20p.yaml,0.005,45,100,shapeiou-lr005（本格为 0）
L,mendein→mende/mendein/100ep/pws,mendein_pws_base100ep_s46n,pws,/workspace/weights/mendein_pretrain.pt,/root/datasets_mask/mendeley_yolo/mende_20p.yaml,0.001,46,100,pws-base 补种子
L,mendein→mende/mendein/100ep/pws,mendein_pws_lr005_100ep_s46n,pws,/workspace/weights/mendein_pretrain.pt,/root/datasets_mask/mendeley_yolo/mende_20p.yaml,0.005,46,100,pws-lr005（本格为 0）
L,mendein→mende/mendein/100ep/pws,mendein_base100ep_s46n,shapeiou,/workspace/weights/mendein_pretrain.pt,/root/datasets_mask/mendeley_yolo/mende_20p.yaml,0.001,46,100,shapeiou-base 补种子
L,mendein→mende/mendein/100ep/pws,mendein_lr005_100ep_s46n,shapeiou,/workspace/weights/mendein_pretrain.pt,/root/datasets_mask/mendeley_yolo/mende_20p.yaml,0.005,46,100,shapeiou-lr005（本格为 0）
L,mendein→mende/mendein/100ep/pws,mendein_pws_base100ep_s47n,pws,/workspace/weights/mendein_pretrain.pt,/root/datasets_mask/mendeley_yolo/mende_20p.yaml,0.001,47,100,pws-base 补种子
L,mendein→mende/mendein/100ep/pws,mendein_pws_lr005_100ep_s47n,pws,/workspace/weights/mendein_pretrain.pt,/root/datasets_mask/mendeley_yolo/mende_20p.yaml,0.005,47,100,pws-lr005（本格为 0）
L,mendein→mende/mendein/100ep/pws,mendein_base100ep_s47n,shapeiou,/workspace/weights/mendein_pretrain.pt,/root/datasets_mask/mendeley_yolo/mende_20p.yaml,0.001,47,100,shapeiou-base 补种子
L,mendein→mende/mendein/100ep/pws,mendein_lr005_100ep_s47n,shapeiou,/workspace/weights/mendein_pretrain.pt,/root/datasets_mask/mendeley_yolo/mende_20p.yaml,0.005,47,100,shapeiou-lr005（本格为 0）
L,mendein→mende/mendein/100ep/pws,mendein_pws_base100ep_s48n,pws,/workspace/weights/mendein_pretrain.pt,/root/datasets_mask/mendeley_yolo/mende_20p.yaml,0.001,48,100,pws-base 补种子
L,mendein→mende/mendein/100ep/pws,mendein_pws_lr005_100ep_s48n,pws,/workspace/weights/mendein_pretrain.pt,/root/datasets_mask/mendeley_yolo/mende_20p.yaml,0.005,48,100,pws-lr005（本格为 0）
L,mendein→mende/mendein/100ep/pws,mendein_base100ep_s48n,shapeiou,/workspace/weights/mendein_pretrain.pt,/root/datasets_mask/mendeley_yolo/mende_20p.yaml,0.001,48,100,shapeiou-base 补种子
L,mendein→mende/mendein/100ep/pws,mendein_lr005_100ep_s48n,shapeiou,/workspace/weights/mendein_pretrain.pt,/root/datasets_mask/mendeley_yolo/mende_20p.yaml,0.005,48,100,shapeiou-lr005（本格为 0）
L,mendein→mende/mendein/100ep/pws,mendein_pws_base100ep_s49n,pws,/workspace/weights/mendein_pretrain.pt,/root/datasets_mask/mendeley_yolo/mende_20p.yaml,0.001,49,100,pws-base 补种子
L,mendein→mende/mendein/100ep/pws,mendein_pws_lr005_100ep_s49n,pws,/workspace/weights/mendein_pretrain.pt,/root/datasets_mask/mendeley_yolo/mende_20p.yaml,0.005,49,100,pws-lr005（本格为 0）
L,mendein→mende/mendein/100ep/pws,mendein_base100ep_s49n,shapeiou,/workspace/weights/mendein_pretrain.pt,/root/datasets_mask/mendeley_yolo/mende_20p.yaml,0.001,49,100,shapeiou-base 补种子
L,mendein→mende/mendein/100ep/pws,mendein_lr005_100ep_s49n,shapeiou,/workspace/weights/mendein_pretrain.pt,/root/datasets_mask/mendeley_yolo/mende_20p.yaml,0.005,49,100,shapeiou-lr005（本格为 0）
L,mendein→mende/mendein/100ep/pws,mendein_pws_base100ep_s50n,pws,/workspace/weights/mendein_pretrain.pt,/root/datasets_mask/mendeley_yolo/mende_20p.yaml,0.001,50,100,pws-base 补种子
L,mendein→mende/mendein/100ep/pws,mendein_pws_lr005_100ep_s50n,pws,/workspace/weights/mendein_pretrain.pt,/root/datasets_mask/mendeley_yolo/mende_20p.yaml,0.005,50,100,pws-lr005（本格为 0）
L,mendein→mende/mendein/100ep/pws,mendein_base100ep_s50n,shapeiou,/workspace/weights/mendein_pretrain.pt,/root/datasets_mask/mendeley_yolo/mende_20p.yaml,0.001,50,100,shapeiou-base 补种子
L,mendein→mende/mendein/100ep/pws,mendein_lr005_100ep_s50n,shapeiou,/workspace/weights/mendein_pretrain.pt,/root/datasets_mask/mendeley_yolo/mende_20p.yaml,0.005,50,100,shapeiou-lr005（本格为 0）
L,mendein→mende/mendein/100ep/pws,mendein_pws_base100ep_s51n,pws,/workspace/weights/mendein_pretrain.pt,/root/datasets_mask/mendeley_yolo/mende_20p.yaml,0.001,51,100,pws-base 补种子
L,mendein→mende/mendein/100ep/pws,mendein_pws_lr005_100ep_s51n,pws,/workspace/weights/mendein_pretrain.pt,/root/datasets_mask/mendeley_yolo/mende_20p.yaml,0.005,51,100,pws-lr005（本格为 0）
L,mendein→mende/mendein/100ep/pws,mendein_base100ep_s51n,shapeiou,/workspace/weights/mendein_pretrain.pt,/root/datasets_mask/mendeley_yolo/mende_20p.yaml,0.001,51,100,shapeiou-base 补种子
L,mendein→mende/mendein/100ep/pws,mendein_lr005_100ep_s51n,shapeiou,/workspace/weights/mendein_pretrain.pt,/root/datasets_mask/mendeley_yolo/mende_20p.yaml,0.005,51,100,shapeiou-lr005（本格为 0）
L,mafa→mende/mende/100ep/sns,mende_sns_base100ep_s43n,sns,/workspace/weights/mafa_pretrain.pt,/root/datasets_mask/mendeley_yolo/mende_20p.yaml,0.001,43,100,sns-base 补种子
L,mafa→mende/mende/100ep/sns,mende_sns_lr005_100ep_s43n,sns,/workspace/weights/mafa_pretrain.pt,/root/datasets_mask/mendeley_yolo/mende_20p.yaml,0.005,43,100,sns-lr005（本格为 0）
L,mafa→mende/mende/100ep/sns,mende_base100ep_s43n,shapeiou,/workspace/weights/mafa_pretrain.pt,/root/datasets_mask/mendeley_yolo/mende_20p.yaml,0.001,43,100,shapeiou-base 补种子
L,mafa→mende/mende/100ep/sns,mende_lr005_100ep_s43n,shapeiou,/workspace/weights/mafa_pretrain.pt,/root/datasets_mask/mendeley_yolo/mende_20p.yaml,0.005,43,100,shapeiou-lr005（本格为 0）
L,mafa→mende/mende/100ep/sns,mende_sns_base100ep_s46n,sns,/workspace/weights/mafa_pretrain.pt,/root/datasets_mask/mendeley_yolo/mende_20p.yaml,0.001,46,100,sns-base 补种子
L,mafa→mende/mende/100ep/sns,mende_sns_lr005_100ep_s46n,sns,/workspace/weights/mafa_pretrain.pt,/root/datasets_mask/mendeley_yolo/mende_20p.yaml,0.005,46,100,sns-lr005（本格为 0）
L,mafa→mende/mende/100ep/sns,mende_base100ep_s46n,shapeiou,/workspace/weights/mafa_pretrain.pt,/root/datasets_mask/mendeley_yolo/mende_20p.yaml,0.001,46,100,shapeiou-base 补种子
L,mafa→mende/mende/100ep/sns,mende_lr005_100ep_s46n,shapeiou,/workspace/weights/mafa_pretrain.pt,/root/datasets_mask/mendeley_yolo/mende_20p.yaml,0.005,46,100,shapeiou-lr005（本格为 0）
L,mafa→mende/mende/100ep/sns,mende_sns_base100ep_s47n,sns,/workspace/weights/mafa_pretrain.pt,/root/datasets_mask/mendeley_yolo/mende_20p.yaml,0.001,47,100,sns-base 补种子
L,mafa→mende/mende/100ep/sns,mende_sns_lr005_100ep_s47n,sns,/workspace/weights/mafa_pretrain.pt,/root/datasets_mask/mendeley_yolo/mende_20p.yaml,0.005,47,100,sns-lr005（本格为 0）
L,mafa→mende/mende/100ep/sns,mende_base100ep_s47n,shapeiou,/workspace/weights/mafa_pretrain.pt,/root/datasets_mask/mendeley_yolo/mende_20p.yaml,0.001,47,100,shapeiou-base 补种子
L,mafa→mende/mende/100ep/sns,mende_lr005_100ep_s47n,shapeiou,/workspace/weights/mafa_pretrain.pt,/root/datasets_mask/mendeley_yolo/mende_20p.yaml,0.005,47,100,shapeiou-lr005（本格为 0）
L,mafa→mende/mende/100ep/sns,mende_sns_base100ep_s48n,sns,/workspace/weights/mafa_pretrain.pt,/root/datasets_mask/mendeley_yolo/mende_20p.yaml,0.001,48,100,sns-base 补种子
L,mafa→mende/mende/100ep/sns,mende_sns_lr005_100ep_s48n,sns,/workspace/weights/mafa_pretrain.pt,/root/datasets_mask/mendeley_yolo/mende_20p.yaml,0.005,48,100,sns-lr005（本格为 0）
L,mafa→mende/mende/100ep/sns,mende_base100ep_s48n,shapeiou,/workspace/weights/mafa_pretrain.pt,/root/datasets_mask/mendeley_yolo/mende_20p.yaml,0.001,48,100,shapeiou-base 补种子
L,mafa→mende/mende/100ep/sns,mende_lr005_100ep_s48n,shapeiou,/workspace/weights/mafa_pretrain.pt,/root/datasets_mask/mendeley_yolo/mende_20p.yaml,0.005,48,100,shapeiou-lr005（本格为 0）
L,mafa→mende/mende/100ep/sns,mende_sns_base100ep_s49n,sns,/workspace/weights/mafa_pretrain.pt,/root/datasets_mask/mendeley_yolo/mende_20p.yaml,0.001,49,100,sns-base 补种子
L,mafa→mende/mende/100ep/sns,mende_sns_lr005_100ep_s49n,sns,/workspace/weights/mafa_pretrain.pt,/root/datasets_mask/mendeley_yolo/mende_20p.yaml,0.005,49,100,sns-lr005（本格为 0）
L,mafa→mende/mende/100ep/sns,mende_base100ep_s49n,shapeiou,/workspace/weights/mafa_pretrain.pt,/root/datasets_mask/mendeley_yolo/mende_20p.yaml,0.001,49,100,shapeiou-base 补种子
L,mafa→mende/mende/100ep/sns,mende_lr005_100ep_s49n,shapeiou,/workspace/weights/mafa_pretrain.pt,/root/datasets_mask/mendeley_yolo/mende_20p.yaml,0.005,49,100,shapeiou-lr005（本格为 0）
L,mafa→mende/mende/100ep/sns,mende_sns_base100ep_s50n,sns,/workspace/weights/mafa_pretrain.pt,/root/datasets_mask/mendeley_yolo/mende_20p.yaml,0.001,50,100,sns-base 补种子
L,mafa→mende/mende/100ep/sns,mende_sns_lr005_100ep_s50n,sns,/workspace/weights/mafa_pretrain.pt,/root/datasets_mask/mendeley_yolo/mende_20p.yaml,0.005,50,100,sns-lr005（本格为 0）
L,mafa→mende/mende/100ep/sns,mende_base100ep_s50n,shapeiou,/workspace/weights/mafa_pretrain.pt,/root/datasets_mask/mendeley_yolo/mende_20p.yaml,0.001,50,100,shapeiou-base 补种子
L,mafa→mende/mende/100ep/sns,mende_lr005_100ep_s50n,shapeiou,/workspace/weights/mafa_pretrain.pt,/root/datasets_mask/mendeley_yolo/mende_20p.yaml,0.005,50,100,shapeiou-lr005（本格为 0）
L,mafa→mende/mende/100ep/sns,mende_sns_base100ep_s51n,sns,/workspace/weights/mafa_pretrain.pt,/root/datasets_mask/mendeley_yolo/mende_20p.yaml,0.001,51,100,sns-base 补种子
L,mafa→mende/mende/100ep/sns,mende_sns_lr005_100ep_s51n,sns,/workspace/weights/mafa_pretrain.pt,/root/datasets_mask/mendeley_yolo/mende_20p.yaml,0.005,51,100,sns-lr005（本格为 0）
L,mafa→mende/mende/100ep/sns,mende_base100ep_s51n,shapeiou,/workspace/weights/mafa_pretrain.pt,/root/datasets_mask/mendeley_yolo/mende_20p.yaml,0.001,51,100,shapeiou-base 补种子
L,mafa→mende/mende/100ep/sns,mende_lr005_100ep_s51n,shapeiou,/workspace/weights/mafa_pretrain.pt,/root/datasets_mask/mendeley_yolo/mende_20p.yaml,0.005,51,100,shapeiou-lr005（本格为 0）
A,arch/yolo11n.pt/100ep,r15_arch_y11_vistod15_base100_s45n,shapeiou,/root/workspace/weights/yolo11n.pt,/root/datasets_mask/dota15_yolo/dota15_20p_3way.yaml,0.001,45,100,架构对照：yolo11n.pt（同目标 / 同 COCO 起点 / 同三方划分）
A,arch/yolo11n.pt/100ep,r15_arch_y11_vistod15_lr005_100ep_s45n,shapeiou,/root/workspace/weights/yolo11n.pt,/root/datasets_mask/dota15_yolo/dota15_20p_3way.yaml,0.005,45,100,架构对照：yolo11n.pt（同目标 / 同 COCO 起点 / 同三方划分）
A,arch/yolo11n.pt/100ep,r15_arch_y11_vistod15_base100_s46n,shapeiou,/root/workspace/weights/yolo11n.pt,/root/datasets_mask/dota15_yolo/dota15_20p_3way.yaml,0.001,46,100,架构对照：yolo11n.pt（同目标 / 同 COCO 起点 / 同三方划分）
A,arch/yolo11n.pt/100ep,r15_arch_y11_vistod15_lr005_100ep_s46n,shapeiou,/root/workspace/weights/yolo11n.pt,/root/datasets_mask/dota15_yolo/dota15_20p_3way.yaml,0.005,46,100,架构对照：yolo11n.pt（同目标 / 同 COCO 起点 / 同三方划分）
A,arch/yolo11n.pt/100ep,r15_arch_y11_vistod15_base100_s47n,shapeiou,/root/workspace/weights/yolo11n.pt,/root/datasets_mask/dota15_yolo/dota15_20p_3way.yaml,0.001,47,100,架构对照：yolo11n.pt（同目标 / 同 COCO 起点 / 同三方划分）
A,arch/yolo11n.pt/100ep,r15_arch_y11_vistod15_lr005_100ep_s47n,shapeiou,/root/workspace/weights/yolo11n.pt,/root/datasets_mask/dota15_yolo/dota15_20p_3way.yaml,0.005,47,100,架构对照：yolo11n.pt（同目标 / 同 COCO 起点 / 同三方划分）
A,arch/yolo11n.pt/100ep,r15_arch_y11_vistod15_base100_s48n,shapeiou,/root/workspace/weights/yolo11n.pt,/root/datasets_mask/dota15_yolo/dota15_20p_3way.yaml,0.001,48,100,架构对照：yolo11n.pt（同目标 / 同 COCO 起点 / 同三方划分）
A,arch/yolo11n.pt/100ep,r15_arch_y11_vistod15_lr005_100ep_s48n,shapeiou,/root/workspace/weights/yolo11n.pt,/root/datasets_mask/dota15_yolo/dota15_20p_3way.yaml,0.005,48,100,架构对照：yolo11n.pt（同目标 / 同 COCO 起点 / 同三方划分）
A,arch/yolo11n.pt/100ep,r15_arch_y11_vistod15_base100_s49n,shapeiou,/root/workspace/weights/yolo11n.pt,/root/datasets_mask/dota15_yolo/dota15_20p_3way.yaml,0.001,49,100,架构对照：yolo11n.pt（同目标 / 同 COCO 起点 / 同三方划分）
A,arch/yolo11n.pt/100ep,r15_arch_y11_vistod15_lr005_100ep_s49n,shapeiou,/root/workspace/weights/yolo11n.pt,/root/datasets_mask/dota15_yolo/dota15_20p_3way.yaml,0.005,49,100,架构对照：yolo11n.pt（同目标 / 同 COCO 起点 / 同三方划分）
A,arch/yolo11n.pt/100ep,r15_arch_y11_vistod15_base100_s50n,shapeiou,/root/workspace/weights/yolo11n.pt,/root/datasets_mask/dota15_yolo/dota15_20p_3way.yaml,0.001,50,100,架构对照：yolo11n.pt（同目标 / 同 COCO 起点 / 同三方划分）
A,arch/yolo11n.pt/100ep,r15_arch_y11_vistod15_lr005_100ep_s50n,shapeiou,/root/workspace/weights/yolo11n.pt,/root/datasets_mask/dota15_yolo/dota15_20p_3way.yaml,0.005,50,100,架构对照：yolo11n.pt（同目标 / 同 COCO 起点 / 同三方划分）
A,arch/yolo11n.pt/100ep,r15_arch_y11_vistod15_base100_s51n,shapeiou,/root/workspace/weights/yolo11n.pt,/root/datasets_mask/dota15_yolo/dota15_20p_3way.yaml,0.001,51,100,架构对照：yolo11n.pt（同目标 / 同 COCO 起点 / 同三方划分）
A,arch/yolo11n.pt/100ep,r15_arch_y11_vistod15_lr005_100ep_s51n,shapeiou,/root/workspace/weights/yolo11n.pt,/root/datasets_mask/dota15_yolo/dota15_20p_3way.yaml,0.005,51,100,架构对照：yolo11n.pt（同目标 / 同 COCO 起点 / 同三方划分）
A,arch/yolo12n.pt/100ep,r15_arch_y12_vistod15_base100_s42n,shapeiou,/workspace/yolo12n.pt,/root/datasets_mask/dota15_yolo/dota15_20p_3way.yaml,0.001,42,100,架构对照：yolo12n.pt（同目标 / 同 COCO 起点 / 同三方划分）
A,arch/yolo12n.pt/100ep,r15_arch_y12_vistod15_lr005_100ep_s42n,shapeiou,/workspace/yolo12n.pt,/root/datasets_mask/dota15_yolo/dota15_20p_3way.yaml,0.005,42,100,架构对照：yolo12n.pt（同目标 / 同 COCO 起点 / 同三方划分）
A,arch/yolo12n.pt/100ep,r15_arch_y12_vistod15_base100_s43n,shapeiou,/workspace/yolo12n.pt,/root/datasets_mask/dota15_yolo/dota15_20p_3way.yaml,0.001,43,100,架构对照：yolo12n.pt（同目标 / 同 COCO 起点 / 同三方划分）
A,arch/yolo12n.pt/100ep,r15_arch_y12_vistod15_lr005_100ep_s43n,shapeiou,/workspace/yolo12n.pt,/root/datasets_mask/dota15_yolo/dota15_20p_3way.yaml,0.005,43,100,架构对照：yolo12n.pt（同目标 / 同 COCO 起点 / 同三方划分）
A,arch/yolo12n.pt/100ep,r15_arch_y12_vistod15_base100_s44n,shapeiou,/workspace/yolo12n.pt,/root/datasets_mask/dota15_yolo/dota15_20p_3way.yaml,0.001,44,100,架构对照：yolo12n.pt（同目标 / 同 COCO 起点 / 同三方划分）
A,arch/yolo12n.pt/100ep,r15_arch_y12_vistod15_lr005_100ep_s44n,shapeiou,/workspace/yolo12n.pt,/root/datasets_mask/dota15_yolo/dota15_20p_3way.yaml,0.005,44,100,架构对照：yolo12n.pt（同目标 / 同 COCO 起点 / 同三方划分）
A,arch/yolo12n.pt/100ep,r15_arch_y12_vistod15_base100_s45n,shapeiou,/workspace/yolo12n.pt,/root/datasets_mask/dota15_yolo/dota15_20p_3way.yaml,0.001,45,100,架构对照：yolo12n.pt（同目标 / 同 COCO 起点 / 同三方划分）
A,arch/yolo12n.pt/100ep,r15_arch_y12_vistod15_lr005_100ep_s45n,shapeiou,/workspace/yolo12n.pt,/root/datasets_mask/dota15_yolo/dota15_20p_3way.yaml,0.005,45,100,架构对照：yolo12n.pt（同目标 / 同 COCO 起点 / 同三方划分）
A,arch/yolo12n.pt/100ep,r15_arch_y12_vistod15_base100_s46n,shapeiou,/workspace/yolo12n.pt,/root/datasets_mask/dota15_yolo/dota15_20p_3way.yaml,0.001,46,100,架构对照：yolo12n.pt（同目标 / 同 COCO 起点 / 同三方划分）
A,arch/yolo12n.pt/100ep,r15_arch_y12_vistod15_lr005_100ep_s46n,shapeiou,/workspace/yolo12n.pt,/root/datasets_mask/dota15_yolo/dota15_20p_3way.yaml,0.005,46,100,架构对照：yolo12n.pt（同目标 / 同 COCO 起点 / 同三方划分）
A,arch/yolo12n.pt/100ep,r15_arch_y12_vistod15_base100_s47n,shapeiou,/workspace/yolo12n.pt,/root/datasets_mask/dota15_yolo/dota15_20p_3way.yaml,0.001,47,100,架构对照：yolo12n.pt（同目标 / 同 COCO 起点 / 同三方划分）
A,arch/yolo12n.pt/100ep,r15_arch_y12_vistod15_lr005_100ep_s47n,shapeiou,/workspace/yolo12n.pt,/root/datasets_mask/dota15_yolo/dota15_20p_3way.yaml,0.005,47,100,架构对照：yolo12n.pt（同目标 / 同 COCO 起点 / 同三方划分）
A,arch/yolo12n.pt/100ep,r15_arch_y12_vistod15_base100_s48n,shapeiou,/workspace/yolo12n.pt,/root/datasets_mask/dota15_yolo/dota15_20p_3way.yaml,0.001,48,100,架构对照：yolo12n.pt（同目标 / 同 COCO 起点 / 同三方划分）
A,arch/yolo12n.pt/100ep,r15_arch_y12_vistod15_lr005_100ep_s48n,shapeiou,/workspace/yolo12n.pt,/root/datasets_mask/dota15_yolo/dota15_20p_3way.yaml,0.005,48,100,架构对照：yolo12n.pt（同目标 / 同 COCO 起点 / 同三方划分）
A,arch/yolo12n.pt/100ep,r15_arch_y12_vistod15_base100_s49n,shapeiou,/workspace/yolo12n.pt,/root/datasets_mask/dota15_yolo/dota15_20p_3way.yaml,0.001,49,100,架构对照：yolo12n.pt（同目标 / 同 COCO 起点 / 同三方划分）
A,arch/yolo12n.pt/100ep,r15_arch_y12_vistod15_lr005_100ep_s49n,shapeiou,/workspace/yolo12n.pt,/root/datasets_mask/dota15_yolo/dota15_20p_3way.yaml,0.005,49,100,架构对照：yolo12n.pt（同目标 / 同 COCO 起点 / 同三方划分）
A,arch/yolo12n.pt/100ep,r15_arch_y12_vistod15_base100_s50n,shapeiou,/workspace/yolo12n.pt,/root/datasets_mask/dota15_yolo/dota15_20p_3way.yaml,0.001,50,100,架构对照：yolo12n.pt（同目标 / 同 COCO 起点 / 同三方划分）
A,arch/yolo12n.pt/100ep,r15_arch_y12_vistod15_lr005_100ep_s50n,shapeiou,/workspace/yolo12n.pt,/root/datasets_mask/dota15_yolo/dota15_20p_3way.yaml,0.005,50,100,架构对照：yolo12n.pt（同目标 / 同 COCO 起点 / 同三方划分）
A,arch/yolo12n.pt/100ep,r15_arch_y12_vistod15_base100_s51n,shapeiou,/workspace/yolo12n.pt,/root/datasets_mask/dota15_yolo/dota15_20p_3way.yaml,0.001,51,100,架构对照：yolo12n.pt（同目标 / 同 COCO 起点 / 同三方划分）
A,arch/yolo12n.pt/100ep,r15_arch_y12_vistod15_lr005_100ep_s51n,shapeiou,/workspace/yolo12n.pt,/root/datasets_mask/dota15_yolo/dota15_20p_3way.yaml,0.005,51,100,架构对照：yolo12n.pt（同目标 / 同 COCO 起点 / 同三方划分）
