path,bytes,sha256
README.md,8017,25345e1f35503d54d7d1bcc1c611ebd9892987a2c131de68d4b8d38c242b0bed
code/account_runs.py,3159,67a8fe2f32426019818d6e3ba26d983da38ffee2d8fe5174310661b30d9ea104
code/bh_family26.py,1792,bcef849247d3ccebece8bcba8641fbf7d4e4edbd707827ac650656ad71d314db
code/conditional_and_power.py,2712,b85e035524dbd8f26b9e57481090956e018b281e0943208845a35505720427c8
code/enumerate_family_cellfirst.py,3107,74cbfe99f65c3fb4534999101aba7985cdb67f7b408fd4767afa928d361a44c8
code/fresh7_seed_analysis.py,3679,2798ff3f14deb5304013470534ddac8e776610865a83268464f8f0a425e2bc77
code/null_exceedance.py,2736,573879d6107fb5909ee84c75650e3fda81ccb07c1f76b3f8e1de9487fe216287
code/recompute_family_sensitivity.py,3718,f1b9bc35753b10a9a1ab874efee156ae94ea3ef13192a596b52e8268b5c98af4
code/registered_trainer_train_obj.py,3953,0299b1ce227f134c67b8bf5cd85fef33af97e5b47d72fad08866c5af56a69cc2
code/selection_premium.py,5525,209f622ba9847f068e66e628c0daffa74d8a8d0547fd082bec0303fc245c7405
data/architecture_control_perseed.csv,1772,c367f1a3d518434f704d0e5a15b620abfa7559634cde4231a7a4524a33b84b74
data/clean_threeway_perseed.csv,16074,81ceb77a62b0dac2ce4177012049ae5a0a3f7529ded28b1580b1c266a3f5e3c6
data/clean_threeway_summary.csv,2548,f4adbbf5d58c32712d5772808b9eba01ff93ffc452c7e778470036f339074c84
data/norm2_adamw_endpoint-norm.json,42,3c5f9a21a2472de17ef5ff1f7255aaddb989d699dd282657815674519645c969
data/norm2_extra_SGD-endpoint-norms.json,242,ca3a875c770cde7462ed545efb15c7acecdd2433dd38ce333bebeed36eba9813
data/registered_cells_all_seeds_test-readout.csv,15237,a0f2edf03463637e93fc31eea282c071bf02cacc4e6e575dfdf9915156a0d3b5
data/theory_e2_perradius_worst-direction.csv,11230,4d7e1bd103a53f6bef0d9f2c98e9a16780246c5d96f246fe75fd3331656df37a
data/theory_e3_encoder-jacobian-spectra.csv,2378,c59e533ff13b49908f67a9421d195de6a01c3d00484a814431e417de9564898a
protocol/splits/aitod20_3way.yaml,417,c0d95d7d21cff6b9f4331718178ab24c6c43414a4cf9725e27cedb13e23080a1
protocol/splits/dota15_20p_3way.yaml,580,9aa711a2993300c22435cab5374c59c676ce6b1b10e1a55cbb72e152fc0c5042
protocol/splits/dota_20p_3way.yaml,402,29f6cbfc03aa259f4f33b01e518d2ac28f47c705152b41cbbcda1ab1d4e0de69
protocol/splits/firesmoke20_3way.yaml,202,8fe243e84ee6d5169e2fa0160a6de60bad56c9a8a7018e0717bee2aebec6f0b2
protocol/splits/mask20_3way.yaml,185,1d5ef21a2ddae269c9f55912fe7e3974d996fca9e50d19f7732adbb93648f669
protocol/splits/mende20_3way.yaml,340,413fa82d19f1db43450876f49fc0873237fa202c61006ca95aa1eb683cff007b
protocol/splits/visdrone_20p_3way.yaml,221,5c9766840be7a30760a94eae5c265011cad2cb7198d1ef7257730087194b532b
protocol/threeway_carve_builder.sh,3937,33f9a67a7c8da4e8f81e1df073f39a8a6979993f8aa73ebf071bdbf10ba2c94d
protocol/threeway_splits_manifest.md,738,bb2c3f54eb5ab1c912095c8328d450dd5b33a5924460018b86903bbfeb20e791
provenance/run_manifest_R15.csv,5508,f3f57648d179d1d4c6f131d78e7cf05fbb5038841cdb95c198e502d63e2fba07
