run,arm,seed,ckpt,split,map50_95,map50,mp,mr,epochs_done,init,target
r15_arch_y11_vistod15_base100_s42n,baseline,42,best,test,10.7394,18.3874,63.9191,19.4281,100,yolo11n.pt (official COCO weights),dota15_20p
r15_arch_y11_vistod15_base100_s42n,baseline,42,last,test,10.0864,17.5614,69.2894,19.1509,100,yolo11n.pt (official COCO weights),dota15_20p
r15_arch_y11_vistod15_base100_s43n,baseline,43,best,test,10.4472,17.8048,64.3131,19.9056,100,yolo11n.pt (official COCO weights),dota15_20p
r15_arch_y11_vistod15_base100_s43n,baseline,43,last,test,9.8779,17.0144,60.0384,19.1308,100,yolo11n.pt (official COCO weights),dota15_20p
r15_arch_y11_vistod15_base100_s44n,baseline,44,best,test,10.5469,18.0774,71.8250,20.0818,100,yolo11n.pt (official COCO weights),dota15_20p
r15_arch_y11_vistod15_base100_s44n,baseline,44,last,test,9.9808,17.1873,71.3374,19.0322,100,yolo11n.pt (official COCO weights),dota15_20p
r15_arch_y11_vistod15_lr005_100ep_s42n,strategy,42,best,test,14.3882,24.3286,55.1764,26.2265,100,yolo11n.pt (official COCO weights),dota15_20p
r15_arch_y11_vistod15_lr005_100ep_s42n,strategy,42,last,test,13.9946,23.6724,58.5578,25.7721,100,yolo11n.pt (official COCO weights),dota15_20p
r15_arch_y11_vistod15_lr005_100ep_s43n,strategy,43,best,test,13.8825,23.7956,58.6372,26.1381,100,yolo11n.pt (official COCO weights),dota15_20p
r15_arch_y11_vistod15_lr005_100ep_s43n,strategy,43,last,test,14.1580,23.9983,58.0765,26.4025,100,yolo11n.pt (official COCO weights),dota15_20p
r15_arch_y11_vistod15_lr005_100ep_s44n,strategy,44,best,test,14.4489,24.4793,55.4301,27.1934,100,yolo11n.pt (official COCO weights),dota15_20p
r15_arch_y11_vistod15_lr005_100ep_s44n,strategy,44,last,test,14.3156,24.3420,55.7526,27.2173,100,yolo11n.pt (official COCO weights),dota15_20p
