budget,pair,role,seed,ckpt,split,map50_95,map50,source
30,aitod20,baseline,42,best,test,10.2107,25.5066,x2_teval.csv
30,aitod20,baseline,42,last,test,10.5869,26.2150,x2_teval.csv
30,aitod20,baseline,43,best,test,10.4130,26.0085,x2_teval.csv
30,aitod20,baseline,43,last,test,10.6534,26.2971,x2_teval.csv
30,aitod20,baseline,44,best,test,10.5689,25.9160,x2_teval.csv
30,aitod20,baseline,44,last,test,10.7652,26.4349,x2_teval.csv
30,aitod20,strategy,42,best,test,8.9908,22.8137,x2_teval.csv
30,aitod20,strategy,42,last,test,9.8861,24.6674,x2_teval.csv
30,aitod20,strategy,43,best,test,9.5385,23.9106,x2_teval.csv
30,aitod20,strategy,43,last,test,9.9873,24.7411,x2_teval.csv
30,aitod20,strategy,44,best,test,9.9353,24.5635,x2_teval.csv
30,aitod20,strategy,44,last,test,9.9353,24.5635,x2_teval.csv
30,d15d15,baseline,42,best,test,15.2343,24.9039,x2_teval.csv
30,d15d15,baseline,42,last,test,14.7260,24.3260,x2_teval.csv
30,d15d15,baseline,43,best,test,15.1764,24.7061,x2_teval.csv
30,d15d15,baseline,43,last,test,14.8280,24.5802,x2_teval.csv
30,d15d15,baseline,44,best,test,15.1030,24.7694,x2_teval.csv
30,d15d15,baseline,44,last,test,14.8737,24.5174,x2_teval.csv
30,d15d15,baseline,45,best,test,15.3470,24.9154,x3_teval.csv
30,d15d15,baseline,45,last,test,14.8721,24.4774,x3_teval.csv
30,d15d15,baseline,46,best,test,15.1538,24.7348,x3_teval.csv
30,d15d15,baseline,46,last,test,14.7253,24.3175,x3_teval.csv
30,d15d15,baseline,47,best,test,15.0588,24.7843,x3_teval.csv
30,d15d15,baseline,47,last,test,15.0696,24.8560,x3_teval.csv
30,d15d15,baseline,48,best,test,15.2016,24.7443,x3_teval.csv
30,d15d15,baseline,48,last,test,14.8597,24.5212,x3_teval.csv
30,d15d15,baseline,49,best,test,15.2154,24.9233,x3_teval.csv
30,d15d15,baseline,49,last,test,15.0189,24.5981,x3_teval.csv
30,d15d15,baseline,50,best,test,15.4669,25.0713,x3_teval.csv
30,d15d15,baseline,50,last,test,14.9062,24.5148,x3_teval.csv
30,d15d15,baseline,51,best,test,15.1845,24.8389,x3_teval.csv
30,d15d15,baseline,51,last,test,14.9417,24.6006,x3_teval.csv
30,d15d15,strategy,42,best,test,14.2547,23.5584,x2_teval.csv
30,d15d15,strategy,42,last,test,15.7067,26.3083,x2_teval.csv
30,d15d15,strategy,43,best,test,15.5691,26.3245,x2_teval.csv
30,d15d15,strategy,43,last,test,15.5691,26.3245,x2_teval.csv
30,d15d15,strategy,44,best,test,15.0704,24.7594,x2_teval.csv
30,d15d15,strategy,44,last,test,15.2994,25.7837,x2_teval.csv
30,d15d15,strategy,45,best,test,14.1815,23.4502,x3_teval.csv
30,d15d15,strategy,45,last,test,15.3390,25.7648,x3_teval.csv
30,d15d15,strategy,46,best,test,15.3516,26.1798,x3_teval.csv
30,d15d15,strategy,46,last,test,15.3516,26.1798,x3_teval.csv
30,d15d15,strategy,47,best,test,15.2386,26.0547,x3_teval.csv
30,d15d15,strategy,47,last,test,15.4580,26.1040,x3_teval.csv
30,d15d15,strategy,48,best,test,15.6459,26.1513,x3_teval.csv
30,d15d15,strategy,48,last,test,15.5332,26.0195,x3_teval.csv
30,d15d15,strategy,49,best,test,15.4898,26.1198,x3_teval.csv
30,d15d15,strategy,49,last,test,15.4898,26.1198,x3_teval.csv
30,d15d15,strategy,50,best,test,15.6322,26.2830,x3_teval.csv
30,d15d15,strategy,50,last,test,15.6322,26.2830,x3_teval.csv
30,d15d15,strategy,51,best,test,15.4004,25.8630,x3_teval.csv
30,d15d15,strategy,51,last,test,15.4004,25.8630,x3_teval.csv
30,dota,baseline,42,best,test,17.0840,29.0876,x2_teval.csv
30,dota,baseline,42,last,test,16.8505,29.2349,x2_teval.csv
30,dota,baseline,43,best,test,17.0378,29.1219,x2_teval.csv
30,dota,baseline,43,last,test,16.6422,29.0635,x2_teval.csv
30,dota,baseline,44,best,test,17.3840,29.7331,x2_teval.csv
30,dota,baseline,44,last,test,16.7635,29.1379,x2_teval.csv
30,dota,strategy,42,best,test,15.9356,27.3311,x2_teval.csv
30,dota,strategy,42,last,test,17.3015,30.2091,x2_teval.csv
30,dota,strategy,43,best,test,16.6210,29.2207,x2_teval.csv
30,dota,strategy,43,last,test,16.4977,29.1604,x2_teval.csv
30,dota,strategy,44,best,test,16.1452,27.8637,x2_teval.csv
30,dota,strategy,44,last,test,17.1765,29.8652,x2_teval.csv
30,fire,baseline,42,best,test,39.7522,72.0459,x2_teval.csv
30,fire,baseline,42,last,test,36.8383,69.5246,x2_teval.csv
30,fire,baseline,43,best,test,39.1364,71.0809,x2_teval.csv
30,fire,baseline,43,last,test,37.1261,69.0913,x2_teval.csv
30,fire,baseline,44,best,test,39.8551,71.9127,x2_teval.csv
30,fire,baseline,44,last,test,36.3187,68.1160,x2_teval.csv
30,fire,strategy,42,best,test,36.3915,67.4960,x2_teval.csv
30,fire,strategy,42,last,test,35.7516,67.1452,x2_teval.csv
30,fire,strategy,43,best,test,35.0768,66.5779,x2_teval.csv
30,fire,strategy,43,last,test,35.0768,66.5779,x2_teval.csv
30,fire,strategy,44,best,test,34.1236,64.5337,x2_teval.csv
30,fire,strategy,44,last,test,35.5562,67.3467,x2_teval.csv
30,mask20,baseline,42,best,test,65.7726,95.7119,x2_teval.csv
30,mask20,baseline,42,last,test,64.9907,95.2498,x2_teval.csv
30,mask20,baseline,43,best,test,65.6131,95.0611,x2_teval.csv
30,mask20,baseline,43,last,test,65.1367,94.7434,x2_teval.csv
30,mask20,baseline,44,best,test,64.6587,95.1477,x2_teval.csv
30,mask20,baseline,44,last,test,64.9415,94.4946,x2_teval.csv
30,mask20,strategy,42,best,test,63.5863,94.4128,x2_teval.csv
30,mask20,strategy,42,last,test,63.7693,93.8068,x2_teval.csv
30,mask20,strategy,43,best,test,65.3872,95.6637,x2_teval.csv
30,mask20,strategy,43,last,test,63.9542,94.2542,x2_teval.csv
30,mask20,strategy,44,best,test,64.2714,95.3896,x2_teval.csv
30,mask20,strategy,44,last,test,64.1863,94.5493,x2_teval.csv
30,mende20,baseline,42,best,test,73.3550,95.8841,x2_teval.csv
30,mende20,baseline,42,last,test,69.0194,95.5078,x2_teval.csv
30,mende20,baseline,43,best,test,73.0716,96.2073,x2_teval.csv
30,mende20,baseline,43,last,test,70.4498,96.0804,x2_teval.csv
30,mende20,baseline,44,best,test,72.7981,96.7879,x2_teval.csv
30,mende20,baseline,44,last,test,69.9267,95.4857,x2_teval.csv
30,mende20,strategy,42,best,test,72.5687,96.4730,x2_teval.csv
30,mende20,strategy,42,last,test,68.9144,95.5270,x2_teval.csv
30,mende20,strategy,43,best,test,69.9061,95.3949,x2_teval.csv
30,mende20,strategy,43,last,test,68.6563,94.8161,x2_teval.csv
30,mende20,strategy,44,best,test,68.0396,95.8864,x2_teval.csv
30,mende20,strategy,44,last,test,68.4075,94.5450,x2_teval.csv
30,vis,baseline,42,best,test,11.7697,21.4026,x2_teval.csv
30,vis,baseline,42,last,test,11.2923,20.8408,x2_teval.csv
30,vis,baseline,43,best,test,11.4913,21.0612,x2_teval.csv
30,vis,baseline,43,last,test,11.3326,20.8392,x2_teval.csv
30,vis,baseline,44,best,test,11.6529,21.3947,x2_teval.csv
30,vis,baseline,44,last,test,11.2580,20.7176,x2_teval.csv
30,vis,baseline,45,best,test,11.7391,21.4047,x3_teval.csv
30,vis,baseline,45,last,test,11.4051,20.8909,x3_teval.csv
30,vis,baseline,46,best,test,11.8363,21.5991,x3_teval.csv
30,vis,baseline,46,last,test,11.3441,20.8082,x3_teval.csv
30,vis,baseline,47,best,test,11.7417,21.4127,x3_teval.csv
30,vis,baseline,47,last,test,11.2959,20.8182,x3_teval.csv
30,vis,baseline,48,best,test,11.7667,21.4553,x3_teval.csv
30,vis,baseline,48,last,test,11.3629,20.9932,x3_teval.csv
30,vis,baseline,49,best,test,11.6322,21.2910,x3_teval.csv
30,vis,baseline,49,last,test,11.2065,20.7256,x3_teval.csv
30,vis,baseline,50,best,test,11.5552,21.0757,x3_teval.csv
30,vis,baseline,50,last,test,11.4348,21.0189,x3_teval.csv
30,vis,baseline,51,best,test,11.6215,21.2299,x3_teval.csv
30,vis,baseline,51,last,test,11.2923,20.7989,x3_teval.csv
30,vis,strategy,42,best,test,11.2038,20.9404,x2_teval.csv
30,vis,strategy,42,last,test,11.1487,20.5642,x2_teval.csv
30,vis,strategy,43,best,test,11.1948,20.3867,x2_teval.csv
30,vis,strategy,43,last,test,11.0482,20.4010,x2_teval.csv
30,vis,strategy,44,best,test,10.6448,19.6294,x2_teval.csv
30,vis,strategy,44,last,test,10.8052,19.9727,x2_teval.csv
30,vis,strategy,45,best,test,10.8716,19.9382,x3_teval.csv
30,vis,strategy,45,last,test,10.8716,19.9382,x3_teval.csv
30,vis,strategy,46,best,test,11.2846,20.5228,x3_teval.csv
30,vis,strategy,46,last,test,10.9181,20.1074,x3_teval.csv
30,vis,strategy,47,best,test,10.9812,20.2263,x3_teval.csv
30,vis,strategy,47,last,test,10.9812,20.2263,x3_teval.csv
30,vis,strategy,48,best,test,10.7952,20.2675,x3_teval.csv
30,vis,strategy,48,last,test,11.0870,20.4262,x3_teval.csv
30,vis,strategy,49,best,test,11.0622,20.4508,x3_teval.csv
30,vis,strategy,49,last,test,11.0622,20.4508,x3_teval.csv
30,vis,strategy,50,best,test,10.5302,19.8225,x3_teval.csv
30,vis,strategy,50,last,test,10.9656,20.3082,x3_teval.csv
30,vis,strategy,51,best,test,10.1484,19.9175,x3_teval.csv
30,vis,strategy,51,last,test,10.8963,20.1490,x3_teval.csv
100,aitovis,baseline,42,best,test,10.0083,18.6009,x1_teval.csv
100,aitovis,baseline,42,last,test,9.7164,18.0784,x1_teval.csv
100,aitovis,baseline,43,best,test,10.1180,18.8055,x1_teval.csv
100,aitovis,baseline,43,last,test,9.7798,18.2058,x1_teval.csv
100,aitovis,baseline,44,best,test,10.1173,18.7885,x1_teval.csv
100,aitovis,baseline,44,last,test,9.8198,18.2650,x1_teval.csv
100,aitovis,baseline,45,best,test,10.2766,19.0157,x1_teval.csv
100,aitovis,baseline,45,last,test,9.8812,18.3778,x1_teval.csv
100,aitovis,baseline,46,best,test,10.3578,19.0851,x1_teval.csv
100,aitovis,baseline,46,last,test,9.8686,18.2710,x1_teval.csv
100,aitovis,baseline,47,best,test,10.2032,18.8176,x1_teval.csv
100,aitovis,baseline,47,last,test,9.8601,18.2791,x1_teval.csv
100,aitovis,baseline,48,best,test,10.2056,18.8672,x1_teval.csv
100,aitovis,baseline,48,last,test,9.8349,18.1510,x1_teval.csv
100,aitovis,baseline,49,best,test,10.1655,18.8294,x1_teval.csv
100,aitovis,baseline,49,last,test,9.9156,18.2816,x1_teval.csv
100,aitovis,baseline,50,best,test,10.2397,18.9610,x1_teval.csv
100,aitovis,baseline,50,last,test,9.8516,18.3217,x1_teval.csv
100,aitovis,baseline,51,best,test,10.3949,19.1087,x1_teval.csv
100,aitovis,baseline,51,last,test,9.9867,18.4545,x1_teval.csv
100,aitovis,strategy,42,best,test,10.4911,19.5196,x1_teval.csv
100,aitovis,strategy,42,last,test,10.1716,19.0239,x1_teval.csv
100,aitovis,strategy,43,best,test,10.4936,19.5059,x1_teval.csv
100,aitovis,strategy,43,last,test,10.1880,19.0454,x1_teval.csv
100,aitovis,strategy,44,best,test,10.2413,19.3010,x1_teval.csv
100,aitovis,strategy,44,last,test,10.2511,19.0227,x1_teval.csv
100,aitovis,strategy,45,best,test,10.3277,19.3401,x1_teval.csv
100,aitovis,strategy,45,last,test,10.0574,18.8089,x1_teval.csv
100,aitovis,strategy,46,best,test,10.3167,19.2709,x1_teval.csv
100,aitovis,strategy,46,last,test,10.0091,18.8053,x1_teval.csv
100,aitovis,strategy,47,best,test,10.5794,19.6070,x1_teval.csv
100,aitovis,strategy,47,last,test,10.2362,19.0315,x1_teval.csv
100,aitovis,strategy,48,best,test,10.2645,19.1192,x1_teval.csv
100,aitovis,strategy,48,last,test,10.0436,18.8109,x1_teval.csv
100,aitovis,strategy,49,best,test,10.4585,19.5422,x1_teval.csv
100,aitovis,strategy,49,last,test,10.1635,19.0945,x1_teval.csv
100,aitovis,strategy,50,best,test,10.3747,19.4022,x1_teval.csv
100,aitovis,strategy,50,last,test,9.9842,18.6604,x1_teval.csv
100,aitovis,strategy,51,best,test,10.4175,19.3522,x1_teval.csv
100,aitovis,strategy,51,last,test,10.0813,18.8889,x1_teval.csv
100,mende3way,baseline,42,best,test,72.7898,96.2173,g4_test.csv
100,mende3way,baseline,42,last,test,69.4055,94.2179,g4_test.csv
100,mende3way,baseline,43,best,test,73.0716,96.2073,g4_test.csv
100,mende3way,baseline,43,last,test,70.3709,95.3082,g4_test.csv
100,mende3way,baseline,44,best,test,72.2042,95.8056,g4_test.csv
100,mende3way,baseline,44,last,test,68.4215,93.1727,g4_test.csv
100,mende3way,baseline,45,best,test,72.6999,95.9080,g4_test.csv
100,mende3way,baseline,45,last,test,69.9042,95.1839,g4_test.csv
100,mende3way,baseline,46,best,test,71.4303,96.0093,g4_test.csv
100,mende3way,baseline,46,last,test,68.9488,93.1013,g4_test.csv
100,mende3way,baseline,47,best,test,72.8129,95.7967,g4_test.csv
100,mende3way,baseline,47,last,test,69.1465,94.6801,g4_test.csv
100,mende3way,baseline,48,best,test,72.6112,95.8848,g4_test.csv
100,mende3way,baseline,48,last,test,69.5655,95.2999,g4_test.csv
100,mende3way,baseline,49,best,test,72.6113,95.7888,g4_test.csv
100,mende3way,baseline,49,last,test,68.2995,93.2589,g4_test.csv
100,mende3way,baseline,50,best,test,73.0348,96.2745,g4_test.csv
100,mende3way,baseline,50,last,test,69.2011,94.1260,g4_test.csv
100,mende3way,baseline,51,best,test,72.2254,95.3273,g4_test.csv
100,mende3way,baseline,51,last,test,69.2953,94.3507,g4_test.csv
100,mende3way,strategy,42,best,test,72.5687,96.4730,g4_test.csv
100,mende3way,strategy,42,last,test,67.6760,93.5429,g4_test.csv
100,mende3way,strategy,43,best,test,70.7916,96.8052,g4_test.csv
100,mende3way,strategy,43,last,test,67.3574,93.4266,g4_test.csv
100,mende3way,strategy,44,best,test,68.0396,95.8864,g4_test.csv
100,mende3way,strategy,44,last,test,67.6234,93.0232,g4_test.csv
100,mende3way,strategy,45,best,test,70.7629,95.7558,g4_test.csv
100,mende3way,strategy,45,last,test,68.5583,94.4675,g4_test.csv
100,mende3way,strategy,46,best,test,69.6047,95.3522,g4_test.csv
100,mende3way,strategy,46,last,test,67.6448,93.1473,g4_test.csv
100,mende3way,strategy,47,best,test,71.6640,96.3572,g4_test.csv
100,mende3way,strategy,47,last,test,66.6204,92.8743,g4_test.csv
100,mende3way,strategy,48,best,test,68.9983,95.2482,g4_test.csv
100,mende3way,strategy,48,last,test,67.3144,92.2730,g4_test.csv
100,mende3way,strategy,49,best,test,71.3362,95.7178,g4_test.csv
100,mende3way,strategy,49,last,test,67.0225,91.8476,g4_test.csv
100,mende3way,strategy,50,best,test,69.1977,94.5851,g4_test.csv
100,mende3way,strategy,50,last,test,66.2142,91.8679,g4_test.csv
100,mende3way,strategy,51,best,test,69.3327,96.0787,g4_test.csv
100,mende3way,strategy,51,last,test,66.7698,92.2591,g4_test.csv
100,vistod15,baseline,42,best,test,11.4476,19.8670,x1_teval.csv
100,vistod15,baseline,42,last,test,10.8609,18.9898,x1_teval.csv
100,vistod15,baseline,43,best,test,11.6822,20.4006,x1_teval.csv
100,vistod15,baseline,43,last,test,11.1548,19.5468,x1_teval.csv
100,vistod15,baseline,44,best,test,11.4446,19.8292,x1_teval.csv
100,vistod15,baseline,44,last,test,10.9612,19.2261,x1_teval.csv
100,vistod15,baseline,45,best,test,11.6057,20.0886,x1_teval.csv
100,vistod15,baseline,45,last,test,11.0863,19.4875,x1_teval.csv
100,vistod15,baseline,46,best,test,11.9093,20.7143,x1_teval.csv
100,vistod15,baseline,46,last,test,11.2216,19.4392,x1_teval.csv
100,vistod15,baseline,47,best,test,11.6943,20.1877,x1_teval.csv
100,vistod15,baseline,47,last,test,10.8909,19.0136,x1_teval.csv
100,vistod15,baseline,48,best,test,11.6108,20.3008,x1_teval.csv
100,vistod15,baseline,48,last,test,11.0192,19.4128,x1_teval.csv
100,vistod15,baseline,49,best,test,11.5625,20.0660,x1_teval.csv
100,vistod15,baseline,49,last,test,10.8396,19.1375,x1_teval.csv
100,vistod15,baseline,50,best,test,11.8676,20.8087,x1_teval.csv
100,vistod15,baseline,50,last,test,11.2151,19.7883,x1_teval.csv
100,vistod15,baseline,51,best,test,11.4385,19.8355,x1_teval.csv
100,vistod15,baseline,51,last,test,11.0002,19.1406,x1_teval.csv
100,vistod15,strategy,42,best,test,15.1877,26.4470,x1_teval.csv
100,vistod15,strategy,42,last,test,14.7891,25.7693,x1_teval.csv
100,vistod15,strategy,43,best,test,15.2771,26.3065,x1_teval.csv
100,vistod15,strategy,43,last,test,14.8979,25.6978,x1_teval.csv
100,vistod15,strategy,44,best,test,15.2377,25.9882,x1_teval.csv
100,vistod15,strategy,44,last,test,14.9840,25.4644,x1_teval.csv
100,vistod15,strategy,45,best,test,15.2850,26.0069,x1_teval.csv
100,vistod15,strategy,45,last,test,15.1957,26.2516,x1_teval.csv
100,vistod15,strategy,46,best,test,15.1496,26.2944,x1_teval.csv
100,vistod15,strategy,46,last,test,14.9405,25.8813,x1_teval.csv
100,vistod15,strategy,47,best,test,15.5176,26.6695,x1_teval.csv
100,vistod15,strategy,47,last,test,14.9684,25.8869,x1_teval.csv
100,vistod15,strategy,48,best,test,15.8811,27.0336,x1_teval.csv
100,vistod15,strategy,48,last,test,15.2082,26.1619,x1_teval.csv
100,vistod15,strategy,49,best,test,15.0004,25.8613,x1_teval.csv
100,vistod15,strategy,49,last,test,14.9099,25.5678,x1_teval.csv
100,vistod15,strategy,50,best,test,15.0943,25.9329,x1_teval.csv
100,vistod15,strategy,50,last,test,14.9342,25.8396,x1_teval.csv
100,vistod15,strategy,51,best,test,15.1365,26.2626,x1_teval.csv
100,vistod15,strategy,51,last,test,15.1348,26.3277,x1_teval.csv
