tag,ckpt,data,n_images,iters,eps,missing,shared_frac,sigma_min,sigma_med,sigma_mean,sigma_max,eps2,sigma_mean_eps2
src_shwd2sf,shwd2sf_pretrain.pt,sfchd_20p_b.yaml,32,15,0.001,0,1.0,310.32220458984375,416.6218566894531,499.6455841064453,1070.3157958984375,0.01,406.3359909057617
src_smoke_nc2,smoke_pretrain_nc2.pt,sfchd_20p_b.yaml,32,15,0.001,0,1.0,350.14630126953125,507.6221008300781,515.0367240905762,669.9100952148438,0.01,532.3780136108398
src_aitod,aitod_pretrain.pt,aitod_20p.yaml,32,15,0.001,0,1.0,372.4824523925781,992.6083984375,1351.4689645767212,4485.25537109375,0.01,1666.7986602783203
src_dota15,dota15_pretrain.pt,dota15_20p.yaml,32,15,0.001,0,1.0,189.92678833007812,403.2048645019531,525.4558234214783,1143.3165283203125,0.01,577.6358795166016
src_dota,dota_pretrain.pt,dota_20p.yaml,32,15,0.001,0,1.0,189.6197509765625,432.7047119140625,490.90105628967285,1233.4376220703125,0.01,500.1701431274414
src_mendein,mendein_pretrain.pt,mende_20p.yaml,32,15,0.001,0,1.0,367.91644287109375,768.9359741210938,821.56201171875,1431.2783203125,0.01,898.6474151611328
src_mafa,mafa_pretrain.pt,mende_20p.yaml,32,15,0.001,0,1.0,308.3222351074219,412.6179504394531,428.2948007583618,583.9938354492188,0.01,374.7044143676758
src_mask,mask_pretrain.pt,mask_20p.yaml,32,15,0.001,0,1.0,124.47265625,264.71771240234375,270.9243869781494,568.715087890625,0.01,184.60931015014648
src_visdrone,visdrone_pretrain.pt,visdrone_20p.yaml,32,15,0.001,0,1.0,262.8737487792969,462.6196594238281,489.90387535095215,900.0370483398438,0.01,472.4557800292969
src_fsin,fsin_pretrain.pt,firesmoke_20p.yaml,32,15,0.001,0,1.0,177.7082977294922,330.8244323730469,375.98909521102905,913.8762817382812,0.01,360.0218086242676
tgt_shwd2sf_base100_s42n,best.pt,sfchd_20p_b.yaml,32,15,0.001,0,1.0,363.5846862792969,448.9207458496094,480.32867431640625,692.1331787109375,0.01,496.1924133300781
tgt_shwd2sf_lr005_100ep_s42n,best.pt,sfchd_20p_b.yaml,32,15,0.001,0,1.0,249.2777862548828,369.8914489746094,376.07839155197144,522.7056274414062,0.01,370.8907699584961
tgt_smoke2sf_base100_s42n,best.pt,sfchd_20p_b.yaml,32,15,0.001,0,1.0,434.15618896484375,558.18115234375,666.6586074829102,1670.5045166015625,0.01,860.17724609375
tgt_smoke2sf_lr005_100ep_s42n,best.pt,sfchd_20p_b.yaml,32,15,0.001,0,1.0,295.7317199707031,425.280517578125,460.0199785232544,786.9662475585938,0.01,440.61026763916016
