budget,pair,ckpt,n,seeds,baseline_mean,baseline_sd,strategy_mean,strategy_sd,delta_mean,delta_sd,wins,losses,t,p_t,p_perm,p_perm_floor
30,aitod20,best,3,42|43|44,10.3975,0.1796,9.4882,0.4743,-0.9093,0.2947,0,3,-5.3445,0.0332722,0.25,0.25
30,aitod20,last,3,42|43|44,10.6685,0.0901,9.9362,0.0506,-0.7323,0.0863,0,3,-14.6942,0.00459944,0.25,0.25
30,d15d15,best,10,42|43|44|45|46|47|48|49|50|51,15.2142,0.1176,15.1834,0.5391,-0.0308,0.5659,7,3,-0.1718,0.867365,0.871094,0.00195312
30,d15d15,last,10,42|43|44|45|46|47|48|49|50|51,14.8821,0.1108,15.4779,0.1338,0.5958,0.1874,10,0,10.0530,3.4241e-06,0.00195312,0.00195312
30,dota,best,3,42|43|44,17.1686,0.1880,16.2339,0.3512,-0.9347,0.4508,0,3,-3.5915,0.0695373,0.25,0.25
30,dota,last,3,42|43|44,16.7521,0.1046,16.9919,0.4325,0.2398,0.3334,2,1,1.2460,0.33892,0.5,0.25
30,fire,best,3,42|43|44,39.5812,0.3887,35.1973,1.1387,-4.3839,1.2182,0,3,-6.2330,0.0247868,0.25,0.25
30,fire,last,3,42|43|44,36.7610,0.4092,35.4615,0.3472,-1.2995,0.6693,0,3,-3.3631,0.0781875,0.25,0.25
30,mask20,best,3,42|43|44,65.3481,0.6024,64.4150,0.9090,-0.9332,1.0882,0,3,-1.4852,0.275791,0.25,0.25
30,mask20,last,3,42|43|44,65.0230,0.1015,63.9699,0.2089,-1.0530,0.2587,0,3,-7.0513,0.0195253,0.25,0.25
30,mende20,best,3,42|43|44,73.0749,0.2785,70.1715,2.2762,-2.9034,1.9990,0,3,-2.5157,0.128298,0.25,0.25
30,mende20,last,3,42|43|44,69.7986,0.7237,68.6594,0.2535,-1.1392,0.9061,0,3,-2.1777,0.161333,0.25,0.25
30,vis,best,10,42|43|44|45|46|47|48|49|50|51,11.6807,0.1080,10.8717,0.3544,-0.8090,0.3341,0,10,-7.6571,3.13553e-05,0.00195312,0.00195312
30,vis,last,10,42|43|44|45|46|47|48|49|50|51,11.3224,0.0681,10.9784,0.1078,-0.3440,0.1341,0,10,-8.1106,1.98314e-05,0.00195312,0.00195312
100,aitovis,best,10,42|43|44|45|46|47|48|49|50|51,10.2087,0.1160,10.3965,0.1102,0.1878,0.1797,9,1,3.3046,0.00916278,0.00585938,0.00195312
100,aitovis,last,10,42|43|44|45|46|47|48|49|50|51,9.8515,0.0733,10.1186,0.0954,0.2671,0.1375,10,0,6.1455,0.000169643,0.00195312,0.00195312
100,mende3way,best,10,42|43|44|45|46|47|48|49|50|51,72.5491,0.4879,70.2296,1.4113,-2.3195,1.2895,0,10,-5.6882,0.000298738,0.00195312,0.00195312
100,mende3way,last,10,42|43|44|45|46|47|48|49|50|51,69.2559,0.6239,67.2801,0.6622,-1.9758,0.7863,0,10,-7.9463,2.33587e-05,0.00195312,0.00195312
100,vistod15,best,10,42|43|44|45|46|47|48|49|50|51,11.6263,0.1670,15.2767,0.2535,3.6504,0.3058,10,0,37.7487,3.18834e-11,0.00195312,0.00195312
100,vistod15,last,10,42|43|44|45|46|47|48|49|50|51,11.0250,0.1412,14.9963,0.1382,3.9713,0.1820,10,0,69.0028,1.42467e-13,0.00195312,0.00195312
