sio_b_pws_100ep,pws,100,0.7398,0.4444,0.8585,0.6862
sio_b_sns_100ep,sns,100,0.7495,0.4465,0.8390,0.7067
sio_b_css_100ep,css,100,0.7469,0.4454,0.8563,0.6919
sio_b_jps_100ep,jps,100,0.7440,0.4453,0.8706,0.6890
sio_b_base_100ep,shapeiou,100,0.7441,0.4450,0.8311,0.7050
sio_b_base30_seed42,shapeiou,30,0.7259,0.4317,0.8419,0.6615
sio_b_base30_seed43,shapeiou,30,0.7272,0.4310,0.8410,0.6667
sio_b_base30_seed44,shapeiou,30,0.7341,0.4335,0.8358,0.6799
sio_b_base30_lr005,shapeiou,30,0.7448,0.4409,0.8437,0.6907
sio_b_sns30_lr005,sns,30,0.7359,0.4377,0.8406,0.6886
sio_b_shapeiou_100ep_s43,shapeiou,100,0.7393,0.4433,0.8356,0.6944
sio_b_sns_100ep_s43,sns,100,0.7416,0.4439,0.8344,0.7017
sio_b_css_100ep_s43,css,100,0.7452,0.4437,0.8536,0.6977
sio_b_base30_coslr,shapeiou,30,0.7297,0.4316,0.8295,0.6733
sio_b_base100_lr005,shapeiou,100,0.7454,0.4497,0.8551,0.7009
sio_b_base30_lr0.01,shapeiou,30,0.7331,0.4391,0.8513,0.6765
sio_b_coslr_lr005,shapeiou,30,0.7438,0.4444,0.8367,0.6865
mask_pretrain,shapeiou,30,0.9594,0.6669,0.9560,0.9355
mask_base30,shapeiou,30,0.9563,0.6609,0.9573,0.9337
mask_base100,shapeiou,100,0.9563,0.6609,0.9573,0.9337
mask_lr005_30ep,shapeiou,30,0.9414,0.6396,0.9595,0.9152
mask_sns_30ep,sns,30,0.9566,0.6696,0.9522,0.9173
mask_sns_100ep,sns,100,0.9563,0.6608,0.9573,0.9337
mask_css_100ep,css,100,0.9563,0.6613,0.9573,0.9337
mask_pws_30ep,pws,30,0.9560,0.6603,0.9579,0.9337
mask_pws_100ep,pws,100,0.9560,0.6603,0.9579,0.9337
dota_pretrain,shapeiou,30,0.2902,0.1709,0.7049,0.3009
dota_base30,shapeiou,30,0.2979,0.1719,0.6990,0.3107
dota_base100,shapeiou,100,0.3077,0.1794,0.5876,0.3169
dota_lr005_30ep,shapeiou,30,0.2974,0.1717,0.6701,0.3029
dota_sns_30ep,sns,30,0.2978,0.1721,0.6968,0.3107
visdrone_pretrain,shapeiou,30,0.2144,0.1178,0.3336,0.2645
visdrone_base30,shapeiou,30,0.2133,0.1176,0.3382,0.2580
visdrone_base100,shapeiou,100,0.2133,0.1177,0.3403,0.2568
visdrone_lr005_30ep,shapeiou,30,0.2046,0.1101,0.3813,0.2409
visdrone_sns_30ep,sns,30,0.2135,0.1177,0.3436,0.2567
aitod_base30,shapeiou,30,0.2644,0.1088,0.6044,0.2726
aitod_base100,shapeiou,100,0.2637,0.1080,0.6104,0.2674
aitod_lr005_30ep,shapeiou,30,0.2469,0.1005,0.3383,0.2545
aitod_sns_30ep,sns,30,0.2634,0.1089,0.4850,0.2673
aitod_pretrain,shapeiou,30,0.2672,0.1087,0.5900,0.2786
aitod_base30,shapeiou,30,0.2644,0.1088,0.6044,0.2726
aitod_base100,shapeiou,100,0.2637,0.1080,0.6104,0.2674
aitod_lr005_30ep,shapeiou,30,0.2469,0.1005,0.3383,0.2545
aitod_sns_30ep,sns,30,0.2634,0.1089,0.4850,0.2673
smoke_pretrain,shapeiou,30,0.9950,0.9461,1.0000,1.0000
dota15_pretrain,shapeiou,30,0.2484,0.1533,0.5574,0.2637
dota15_base30,shapeiou,30,0.2514,0.1534,0.6075,0.2741
dota15_base100,shapeiou,100,0.2679,0.1610,0.6228,0.2941
dota15_lr005_30ep,shapeiou,30,0.2580,0.1526,0.6176,0.2780
dota15_sns_30ep,sns,30,0.2501,0.1529,0.5670,0.2683
base30_cds,shapeiou,30,0.9460,0.6442,0.9460,0.9024
base100_cds,shapeiou,100,0.9455,0.6476,0.9242,0.9210
lr005_30ep_cds,shapeiou,30,0.9416,0.6423,0.9445,0.9245
sns_30ep_cds,sns,30,0.9422,0.6449,0.9346,0.9205
sns_100ep_cds,sns,100,0.9450,0.6451,0.9513,0.8999
css_100ep_cds,css,100,0.9450,0.6415,0.9490,0.8909
pws_30ep_cds,pws,30,0.9515,0.6590,0.9541,0.9227
pws_100ep_cds,pws,100,0.9491,0.6462,0.9550,0.8991
smoke_pretrain,shapeiou,30,0.9950,0.9461,1.0000,1.0000
smokefs_base30,shapeiou,30,0.6634,0.3512,0.7331,0.5993
smokefs_base100,shapeiou,100,0.6623,0.3495,0.7337,0.6040
smokefs_lr005_30ep,shapeiou,30,0.6650,0.3588,0.7270,0.5956
smokefs_sns_30ep,sns,30,0.6444,0.3422,0.6759,0.5904
smokefs_sns_100ep,sns,100,0.6577,0.3538,0.7298,0.6068
smokefs_css_100ep,css,100,0.6586,0.3473,0.7204,0.6061
smokefs_pws_30ep,pws,30,0.6698,0.3542,0.7180,0.6172
smokefs_pws_100ep,pws,100,0.6660,0.3521,0.7342,0.6134
mende_base30,shapeiou,30,0.9522,0.7027,0.9019,0.9350
mende_base100,shapeiou,100,0.9607,0.6975,0.9174,0.9237
mende_lr005_30ep,shapeiou,30,0.9575,0.7010,0.9281,0.9029
mende_sns_30ep,sns,30,0.9598,0.7041,0.9230,0.9089
mende_sns_100ep,sns,100,0.9562,0.7009,0.9154,0.9170
mende_css_100ep,css,100,0.9548,0.7043,0.9126,0.9047
mende_pws_30ep,pws,30,0.9610,0.7046,0.9206,0.9110
mende_pws_100ep,pws,100,0.9529,0.6997,0.9052,0.9025
mendein_pretrain,shapeiou,30,0.9625,0.7345,0.9321,0.9047
mendein_base30,shapeiou,30,0.9505,0.7224,0.9186,0.9004
mendein_base100,shapeiou,100,0.9505,0.7224,0.9186,0.9004
mendein_lr005_30ep,shapeiou,30,0.9552,0.7164,0.9425,0.9258
mendein_sns_30ep,sns,30,0.9505,0.7223,0.9199,0.9004
mendein_sns_100ep,sns,100,0.9505,0.7223,0.9199,0.9004
mendein_css_100ep,css,100,0.9505,0.7219,0.9164,0.9004
mendein_pws_30ep,pws,30,0.9629,0.7235,0.9040,0.9378
mendein_pws_100ep,pws,100,0.9691,0.7256,0.9113,0.9386
fsin_pretrain,shapeiou,30,0.7278,0.4027,0.7687,0.6672
fsin_base30,shapeiou,30,0.7198,0.3934,0.7701,0.6504
fsin_base100,shapeiou,100,0.7198,0.3934,0.7701,0.6504
fsin_lr005_30ep,shapeiou,30,0.6614,0.3472,0.7237,0.6103
fsin_sns_30ep,sns,30,0.7191,0.3932,0.7785,0.6444
fsin_sns_100ep,sns,100,0.7191,0.3932,0.7785,0.6444
fsin_css_100ep,css,100,0.7184,0.3935,0.7759,0.6467
fsin_pws_30ep,pws,30,0.7166,0.3915,0.7724,0.6457
fsin_pws_100ep,pws,100,0.7166,0.3915,0.7724,0.6457
dota15_pws_30ep,pws,30,0.2504,0.1531,0.5990,0.2749
visdrone_pws_30ep,pws,30,0.2131,0.1174,0.3420,0.2576
aitod_pws_30ep,pws,30,0.2631,0.1085,0.3657,0.2684
mende_base50,shapeiou,50,0.9586,0.6996,0.9210,0.9174
mende_lr005_50ep,shapeiou,50,0.9580,0.6983,0.9052,0.9301
smokefs_base50,shapeiou,50,0.6566,0.3496,0.7254,0.5861
smokefs_lr005_50ep,shapeiou,50,0.6579,0.3527,0.7194,0.5902
mendein_css_100ep,css,100,0.9505,0.7219,0.9164,0.9004
mendein_base50,shapeiou,50,0.9505,0.7224,0.9186,0.9004
mendein_lr005_50ep,shapeiou,50,0.9552,0.7164,0.9425,0.9258
fsin_base50,shapeiou,50,0.7198,0.3934,0.7701,0.6504
fsin_lr005_50ep,shapeiou,50,0.6697,0.3495,0.7251,0.6092
mask_base50,shapeiou,50,0.9563,0.6609,0.9573,0.9337
mask_lr005_50ep,shapeiou,50,0.9481,0.6280,0.9535,0.9066
mafa_pretrain,shapeiou,30,0.9872,0.6956,0.9507,0.9603
dota15_sns_100ep,sns,100,0.2673,0.1607,0.6114,0.2915
dota15_css_100ep,css,100,0.2674,0.1607,0.6208,0.2915
dota15_pws_100ep,pws,100,0.2699,0.1616,0.6295,0.2950
mendein_pws_100ep_s43,pws,100,0.9691,0.7256,0.9113,0.9386
mendein_base30_s43,shapeiou,30,0.9505,0.7224,0.9186,0.9004
mendein_base30_s44,shapeiou,30,0.9505,0.7224,0.9186,0.9004
mask_sns_30ep_s43,sns,30,0.9566,0.6696,0.9522,0.9173
mask_sns_30ep_s44,sns,30,0.9566,0.6696,0.9522,0.9173
mask_base30_s43,shapeiou,30,0.9563,0.6609,0.9573,0.9337
mask_base30_s44,shapeiou,30,0.9563,0.6609,0.9573,0.9337
smokefs_lr005_30ep_s43,shapeiou,30,0.6641,0.3520,0.7070,0.6085
smokefs_lr005_30ep_s44,shapeiou,30,0.6597,0.3513,0.7167,0.6093
smokefs_base30_s43,shapeiou,30,0.6546,0.3486,0.7187,0.6001
smokefs_base30_s44,shapeiou,30,0.6554,0.3507,0.7296,0.5909
mende_sns_50ep,sns,50,0.9614,0.7053,0.9149,0.9216
mende_pws_50ep,pws,50,0.9603,0.7039,0.9420,0.9131
smokefs_sns_50ep,sns,50,0.6644,0.3549,0.7238,0.6014
smokefs_pws_50ep,pws,50,0.6588,0.3483,0.7231,0.6011
smokefs_css_30ep,css,30,0.6578,0.3493,0.7317,0.5885
mende_css_30ep,css,30,0.9592,0.7038,0.9036,0.9364
fsin_css_30ep,css,30,0.7184,0.3935,0.7759,0.6467
mendein_css_30ep,css,30,0.9505,0.7219,0.9164,0.9004
mask_css_30ep,css,30,0.9516,0.6563,0.9578,0.9319
smokefs_sns_30ep_s43,sns,30,0.6623,0.3530,0.7449,0.5862
smokefs_sns_30ep_s44,sns,30,0.6538,0.3489,0.7027,0.5949
smokefs_lr005_100ep,shapeiou,100,0.6625,0.3502,0.7235,0.6090
mende_css_100ep_s43,css,100,0.9548,0.7043,0.9126,0.9047
mende_css_100ep_s44,css,100,0.9543,0.6979,0.8920,0.9258
smokefs_sns_50ep_s43,sns,50,0.6555,0.3512,0.7360,0.5852
smokefs_sns_50ep_s44,sns,50,0.6569,0.3526,0.7087,0.5884
smokefs_sns_100ep_s43,sns,100,0.6593,0.3484,0.7354,0.5979
smokefs_sns_100ep_s44,sns,100,0.6592,0.3482,0.7349,0.5835
dota15_lr005_100ep,shapeiou,100,0.2902,0.1729,0.6557,0.3071
shwd2sf_pretrain,shapeiou,30,0.9345,0.6114,0.9230,0.8743
shwd2sf_base30,shapeiou,30,0.7207,0.4225,0.8279,0.6625
shwd2sf_base100,shapeiou,100,0.7385,0.4388,0.8432,0.6909
shwd2sf_lr005_30ep,shapeiou,30,0.7305,0.4287,0.8011,0.6935
shwd2sf_lr005_50ep,shapeiou,50,0.7345,0.4400,0.8300,0.6960
shwd2sf_lr005_100ep,shapeiou,100,0.7433,0.4469,0.8324,0.7080
shwd2sf_sns_100ep,sns,100,0.7403,0.4392,0.8292,0.7012
shwd2sf_pws_100ep,pws,100,0.7391,0.4378,0.8312,0.7008
smokefs_lr005_150ep,shapeiou,150,0.6585,0.3559,0.7185,0.6025
smokefs_lr005_200ep,shapeiou,200,0.6574,0.3518,0.7047,0.6038
shwd2sf_lr005_150ep,shapeiou,150,0.7419,0.4446,0.8384,0.7006
shwd2sf_lr005_200ep,shapeiou,200,0.7404,0.4439,0.8334,0.7065
shwd2sf_sns_100ep_s44,sns,100,0.7431,0.4383,0.8305,0.6979
shwd2sf_sns_100ep_s45,sns,100,0.7380,0.4378,0.8465,0.6895
shwd2sf_lr005_100ep_s44,shapeiou,100,0.7419,0.4451,0.8411,0.6927
shwd2sf_lr005_100ep_s45,shapeiou,100,0.7391,0.4430,0.8448,0.6976
sfchd_tonly_base30,shapeiou,30,0.7057,0.4025,0.8107,0.6499
sfchd_tonly_base100,shapeiou,100,0.7355,0.4291,0.8327,0.6895
smoke_sns_pretrain,sns,30,0.9950,0.9488,1.0000,1.0000
smokefs_sns_src_shapeiou_ft_s44,shapeiou,100,0.6583,0.3538,0.7363,0.6015
smokefs_sns_src_shapeiou_ft_s45,shapeiou,100,0.6600,0.3519,0.7307,0.6015
smokefs_sns_src_sns_ft_s44,sns,100,0.6622,0.3546,0.7447,0.5927
smokefs_sns_src_sns_ft_s45,sns,100,0.6600,0.3512,0.7371,0.6123
mende_css_100ep_s45,css,100,0.9483,0.6988,0.9202,0.8941
smokefs_adamw_lr005_100ep,shapeiou,100,0.6213,0.3310,0.6927,0.5554
mende_jps_100ep_s44,jps,100,0.9601,0.7014,0.9336,0.9237
mende_jps_100ep_s45,jps,100,0.9601,0.7014,0.9336,0.9237
smoke_pretrain_nc2,shapeiou,1,0.3717,0.1733,0.5028,0.3803
sfix_shwd2sf_44a,shapeiou,20,0.7135,0.4144,0.8055,0.6671
sfix_shwd2sf_44b,shapeiou,20,0.7135,0.4144,0.8055,0.6671
sfix_shwd2sf_45a,shapeiou,20,0.7119,0.4151,0.8133,0.6606
sfix_shwd2sf_45b,shapeiou,20,0.7119,0.4151,0.8133,0.6606
mendein_pws_100ep_s44,pws,100,0.9660,0.7316,0.9166,0.9320
mendein_pws_100ep_s45,pws,100,0.9614,0.7340,0.9219,0.9301
mendein_pws_100ep_s42n,pws,100,0.9596,0.7323,0.9195,0.9191
mendein_base100_s42n,shapeiou,100,0.9588,0.7336,0.9213,0.9131
shwd2sf_base100_s42n,shapeiou,100,0.7398,0.4396,0.8406,0.6924
shwd2sf_lr005_100ep_s42n,shapeiou,100,0.7387,0.4426,0.8538,0.6858
shwd2sf_base100_s43n,shapeiou,100,0.7421,0.4405,0.8327,0.7027
shwd2sf_base100_s44n,shapeiou,100,0.7334,0.4370,0.8440,0.6860
smoke2sf_lr005_100ep,shapeiou,100,0.7303,0.4360,0.8274,0.6938
smoke2sf_base100,shapeiou,100,0.7221,0.4244,0.8122,0.6880
smoke2sf_base100_s43n,shapeiou,100,0.7221,0.4200,0.7960,0.6863
smoke2sf_base100_s44n,shapeiou,100,0.7197,0.4193,0.8122,0.6750
smoke2sf_lr005_100ep_s43n,shapeiou,100,0.7380,0.4413,0.8296,0.7019
smoke2sf_lr005_100ep_s44n,shapeiou,100,0.7350,0.4367,0.8378,0.6912
mende_base100_s42n,shapeiou,100,0.9569,0.6972,0.9302,0.9110
mende_sns_100ep_s44n,sns,100,0.9532,0.6968,0.9294,0.9110
mende_sns_100ep_s45n,sns,100,0.9479,0.6940,0.9230,0.9139
shwd2sf_base50_s42n,shapeiou,50,0.7304,0.4333,0.8437,0.6783
shwd2sf_lr005_50ep_s42n,shapeiou,50,0.7437,0.4429,0.8336,0.7013
smoke2sf_base100_s42n,shapeiou,100,0.7191,0.4239,0.8045,0.6833
smoke2sf_lr005_100ep_s42n,shapeiou,100,0.7328,0.4387,0.8591,0.6855
