tag,ckpt,data,loss,rho,dir,theta_norm,pert_norm,nbatches,missing,shared_frac,n_anchors,n_fg_base,n_fg_pert,fg_mismatch,d_positives,n_fg_compared,flips,n_batches_with_positives,fg_mismatch_rate,flip_rate_among_base_fg,flip_rate_among_common_fg
shwd2sf_base100_s42n,best.pt,sfchd_20p_b.yaml,shapeiou,0.001,0,140.558837890625,0.140558837890625,4,0,1.0,42336,33,33,0,0,33,0,4,0.0,0.0,0.0
shwd2sf_base100_s42n,best.pt,sfchd_20p_b.yaml,shapeiou,0.001,1,140.558837890625,0.140558837890625,4,0,1.0,42336,33,33,0,0,33,0,4,0.0,0.0,0.0
shwd2sf_base100_s42n,best.pt,sfchd_20p_b.yaml,shapeiou,0.001,2,140.558837890625,0.140558837890625,4,0,1.0,42336,33,33,0,0,33,0,4,0.0,0.0,0.0
shwd2sf_base100_s42n,best.pt,sfchd_20p_b.yaml,shapeiou,0.003,0,140.558837890625,0.42167651367187503,4,0,1.0,42336,33,33,0,0,33,0,4,0.0,0.0,0.0
shwd2sf_base100_s42n,best.pt,sfchd_20p_b.yaml,shapeiou,0.003,1,140.558837890625,0.42167651367187503,4,0,1.0,42336,33,33,0,0,33,0,4,0.0,0.0,0.0
shwd2sf_base100_s42n,best.pt,sfchd_20p_b.yaml,shapeiou,0.003,2,140.558837890625,0.42167651367187503,4,0,1.0,42336,33,33,0,0,33,0,4,0.0,0.0,0.0
shwd2sf_base100_s42n,best.pt,sfchd_20p_b.yaml,shapeiou,0.01,0,140.558837890625,1.40558837890625,4,0,1.0,42336,33,33,0,0,33,0,4,0.0,0.0,0.0
shwd2sf_base100_s42n,best.pt,sfchd_20p_b.yaml,shapeiou,0.01,1,140.558837890625,1.40558837890625,4,0,1.0,42336,33,33,0,0,33,0,4,0.0,0.0,0.0
shwd2sf_base100_s42n,best.pt,sfchd_20p_b.yaml,shapeiou,0.01,2,140.558837890625,1.40558837890625,4,0,1.0,42336,33,33,0,0,33,0,4,0.0,0.0,0.0
shwd2sf_lr005_100ep_s42n,best.pt,sfchd_20p_b.yaml,shapeiou,0.001,0,141.65512084960938,0.14165512084960938,4,0,1.0,42336,34,34,0,0,34,0,4,0.0,0.0,0.0
shwd2sf_lr005_100ep_s42n,best.pt,sfchd_20p_b.yaml,shapeiou,0.001,1,141.65512084960938,0.14165512084960938,4,0,1.0,42336,34,34,0,0,34,0,4,0.0,0.0,0.0
shwd2sf_lr005_100ep_s42n,best.pt,sfchd_20p_b.yaml,shapeiou,0.001,2,141.65512084960938,0.14165512084960938,4,0,1.0,42336,34,34,0,0,34,0,4,0.0,0.0,0.0
shwd2sf_lr005_100ep_s42n,best.pt,sfchd_20p_b.yaml,shapeiou,0.003,0,141.65512084960938,0.4249653625488281,4,0,1.0,42336,34,34,0,0,34,0,4,0.0,0.0,0.0
shwd2sf_lr005_100ep_s42n,best.pt,sfchd_20p_b.yaml,shapeiou,0.003,1,141.65512084960938,0.4249653625488281,4,0,1.0,42336,34,34,0,0,34,0,4,0.0,0.0,0.0
shwd2sf_lr005_100ep_s42n,best.pt,sfchd_20p_b.yaml,shapeiou,0.003,2,141.65512084960938,0.4249653625488281,4,0,1.0,42336,34,34,0,0,34,0,4,0.0,0.0,0.0
shwd2sf_lr005_100ep_s42n,best.pt,sfchd_20p_b.yaml,shapeiou,0.01,0,141.65512084960938,1.4165512084960938,4,0,1.0,42336,34,34,0,0,34,0,4,0.0,0.0,0.0
shwd2sf_lr005_100ep_s42n,best.pt,sfchd_20p_b.yaml,shapeiou,0.01,1,141.65512084960938,1.4165512084960938,4,0,1.0,42336,34,34,0,0,34,0,4,0.0,0.0,0.0
shwd2sf_lr005_100ep_s42n,best.pt,sfchd_20p_b.yaml,shapeiou,0.01,2,141.65512084960938,1.4165512084960938,4,0,1.0,42336,34,34,0,0,34,0,4,0.0,0.0,0.0
smoke2sf_base100_s42n,best.pt,sfchd_20p_b.yaml,shapeiou,0.001,0,140.6770477294922,0.1406770477294922,4,0,1.0,42336,33,33,0,0,33,0,4,0.0,0.0,0.0
smoke2sf_base100_s42n,best.pt,sfchd_20p_b.yaml,shapeiou,0.001,1,140.6770477294922,0.1406770477294922,4,0,1.0,42336,33,33,0,0,33,0,4,0.0,0.0,0.0
smoke2sf_base100_s42n,best.pt,sfchd_20p_b.yaml,shapeiou,0.001,2,140.6770477294922,0.1406770477294922,4,0,1.0,42336,33,33,0,0,33,0,4,0.0,0.0,0.0
smoke2sf_base100_s42n,best.pt,sfchd_20p_b.yaml,shapeiou,0.003,0,140.6770477294922,0.42203114318847657,4,0,1.0,42336,33,33,0,0,33,0,4,0.0,0.0,0.0
smoke2sf_base100_s42n,best.pt,sfchd_20p_b.yaml,shapeiou,0.003,1,140.6770477294922,0.42203114318847657,4,0,1.0,42336,33,34,1,1,33,0,4,2.362055933484505e-05,0.0,0.0
smoke2sf_base100_s42n,best.pt,sfchd_20p_b.yaml,shapeiou,0.003,2,140.6770477294922,0.42203114318847657,4,0,1.0,42336,33,33,0,0,33,0,4,0.0,0.0,0.0
smoke2sf_base100_s42n,best.pt,sfchd_20p_b.yaml,shapeiou,0.01,0,140.6770477294922,1.4067704772949219,4,0,1.0,42336,33,33,0,0,33,0,4,0.0,0.0,0.0
smoke2sf_base100_s42n,best.pt,sfchd_20p_b.yaml,shapeiou,0.01,1,140.6770477294922,1.4067704772949219,4,0,1.0,42336,33,33,0,0,33,0,4,0.0,0.0,0.0
smoke2sf_base100_s42n,best.pt,sfchd_20p_b.yaml,shapeiou,0.01,2,140.6770477294922,1.4067704772949219,4,0,1.0,42336,33,33,0,0,33,0,4,0.0,0.0,0.0
smoke2sf_lr005_100ep_s42n,best.pt,sfchd_20p_b.yaml,shapeiou,0.001,0,141.7613525390625,0.1417613525390625,4,0,1.0,42336,34,34,0,0,34,0,4,0.0,0.0,0.0
smoke2sf_lr005_100ep_s42n,best.pt,sfchd_20p_b.yaml,shapeiou,0.001,1,141.7613525390625,0.1417613525390625,4,0,1.0,42336,34,34,0,0,34,0,4,0.0,0.0,0.0
smoke2sf_lr005_100ep_s42n,best.pt,sfchd_20p_b.yaml,shapeiou,0.001,2,141.7613525390625,0.1417613525390625,4,0,1.0,42336,34,34,0,0,34,0,4,0.0,0.0,0.0
smoke2sf_lr005_100ep_s42n,best.pt,sfchd_20p_b.yaml,shapeiou,0.003,0,141.7613525390625,0.4252840576171875,4,0,1.0,42336,34,34,0,0,34,0,4,0.0,0.0,0.0
smoke2sf_lr005_100ep_s42n,best.pt,sfchd_20p_b.yaml,shapeiou,0.003,1,141.7613525390625,0.4252840576171875,4,0,1.0,42336,34,34,0,0,34,0,4,0.0,0.0,0.0
smoke2sf_lr005_100ep_s42n,best.pt,sfchd_20p_b.yaml,shapeiou,0.003,2,141.7613525390625,0.4252840576171875,4,0,1.0,42336,34,34,0,0,34,0,4,0.0,0.0,0.0
smoke2sf_lr005_100ep_s42n,best.pt,sfchd_20p_b.yaml,shapeiou,0.01,0,141.7613525390625,1.417613525390625,4,0,1.0,42336,34,34,0,0,34,0,4,0.0,0.0,0.0
smoke2sf_lr005_100ep_s42n,best.pt,sfchd_20p_b.yaml,shapeiou,0.01,1,141.7613525390625,1.417613525390625,4,0,1.0,42336,34,33,1,-1,33,0,4,2.362055933484505e-05,0.0,0.0
smoke2sf_lr005_100ep_s42n,best.pt,sfchd_20p_b.yaml,shapeiou,0.01,2,141.7613525390625,1.417613525390625,4,0,1.0,42336,34,34,0,0,34,0,4,0.0,0.0,0.0
mask_base30,best.pt,mask_20p.yaml,shapeiou,0.001,0,139.68505859375,0.13968505859375,4,0,1.0,28224,20,20,0,0,20,0,1,0.0,0.0,0.0
mask_base30,best.pt,mask_20p.yaml,shapeiou,0.001,1,139.68505859375,0.13968505859375,4,0,1.0,28224,20,20,0,0,20,0,1,0.0,0.0,0.0
mask_base30,best.pt,mask_20p.yaml,shapeiou,0.001,2,139.68505859375,0.13968505859375,4,0,1.0,28224,20,20,0,0,20,0,1,0.0,0.0,0.0
mask_base30,best.pt,mask_20p.yaml,shapeiou,0.003,0,139.68505859375,0.41905517578125,4,0,1.0,28224,20,20,0,0,20,0,1,0.0,0.0,0.0
mask_base30,best.pt,mask_20p.yaml,shapeiou,0.003,1,139.68505859375,0.41905517578125,4,0,1.0,28224,20,20,0,0,20,0,1,0.0,0.0,0.0
mask_base30,best.pt,mask_20p.yaml,shapeiou,0.003,2,139.68505859375,0.41905517578125,4,0,1.0,28224,20,20,0,0,20,0,1,0.0,0.0,0.0
mask_base30,best.pt,mask_20p.yaml,shapeiou,0.01,0,139.68505859375,1.3968505859375,4,0,1.0,28224,20,20,0,0,20,0,1,0.0,0.0,0.0
mask_base30,best.pt,mask_20p.yaml,shapeiou,0.01,1,139.68505859375,1.3968505859375,4,0,1.0,28224,20,20,0,0,20,0,1,0.0,0.0,0.0
mask_base30,best.pt,mask_20p.yaml,shapeiou,0.01,2,139.68505859375,1.3968505859375,4,0,1.0,28224,20,20,2,0,19,0,1,7.086167800453515e-05,0.0,0.0
mendein_base30,best.pt,mende_20p.yaml,shapeiou,0.001,0,139.80648803710938,0.13980648803710938,4,0,1.0,49392,60,60,0,0,60,0,1,0.0,0.0,0.0
mendein_base30,best.pt,mende_20p.yaml,shapeiou,0.001,1,139.80648803710938,0.13980648803710938,4,0,1.0,49392,60,60,0,0,60,0,1,0.0,0.0,0.0
mendein_base30,best.pt,mende_20p.yaml,shapeiou,0.001,2,139.80648803710938,0.13980648803710938,4,0,1.0,49392,60,60,0,0,60,0,1,0.0,0.0,0.0
mendein_base30,best.pt,mende_20p.yaml,shapeiou,0.003,0,139.80648803710938,0.41941946411132813,4,0,1.0,49392,60,60,2,0,59,0,1,4.049238743116294e-05,0.0,0.0
mendein_base30,best.pt,mende_20p.yaml,shapeiou,0.003,1,139.80648803710938,0.41941946411132813,4,0,1.0,49392,60,60,2,0,59,0,1,4.049238743116294e-05,0.0,0.0
mendein_base30,best.pt,mende_20p.yaml,shapeiou,0.003,2,139.80648803710938,0.41941946411132813,4,0,1.0,49392,60,60,2,0,59,0,1,4.049238743116294e-05,0.0,0.0
mendein_base30,best.pt,mende_20p.yaml,shapeiou,0.01,0,139.80648803710938,1.3980648803710938,4,0,1.0,49392,60,60,2,0,59,0,1,4.049238743116294e-05,0.0,0.0
mendein_base30,best.pt,mende_20p.yaml,shapeiou,0.01,1,139.80648803710938,1.3980648803710938,4,0,1.0,49392,60,60,2,0,59,0,1,4.049238743116294e-05,0.0,0.0
mendein_base30,best.pt,mende_20p.yaml,shapeiou,0.01,2,139.80648803710938,1.3980648803710938,4,0,1.0,49392,60,60,0,0,60,0,1,0.0,0.0,0.0
a2d15_base100_s42n,best.pt,dota15_20p.yaml,shapeiou,0.001,0,151.46435546875,0.15146435546875,4,0,1.0,21168,1463,1460,29,-3,1447,2,4,0.0013699924414210128,0.001367053998632946,0.00138217000691085
a2d15_base100_s42n,best.pt,dota15_20p.yaml,shapeiou,0.001,1,151.46435546875,0.15146435546875,4,0,1.0,21168,1463,1461,16,-2,1454,0,4,0.0007558578987150416,0.0,0.0
a2d15_base100_s42n,best.pt,dota15_20p.yaml,shapeiou,0.001,2,151.46435546875,0.15146435546875,4,0,1.0,21168,1463,1462,21,-1,1452,1,4,0.000992063492063492,0.000683526999316473,0.0006887052341597796
a2d15_base100_s42n,best.pt,dota15_20p.yaml,shapeiou,0.003,0,151.46435546875,0.45439306640625,4,0,1.0,21168,1463,1470,61,7,1436,6,4,0.002881708238851096,0.004101161995898838,0.004178272980501393
a2d15_base100_s42n,best.pt,dota15_20p.yaml,shapeiou,0.003,1,151.46435546875,0.45439306640625,4,0,1.0,21168,1463,1460,53,-3,1435,7,4,0.002503779289493575,0.004784688995215311,0.004878048780487805
a2d15_base100_s42n,best.pt,dota15_20p.yaml,shapeiou,0.003,2,151.46435546875,0.45439306640625,4,0,1.0,21168,1463,1460,63,-3,1430,6,4,0.002976190476190476,0.004101161995898838,0.004195804195804196
a2d15_base100_s42n,best.pt,dota15_20p.yaml,shapeiou,0.01,0,151.46435546875,1.5146435546875001,4,0,1.0,21168,1463,1452,155,-11,1380,24,4,0.007322373393801965,0.016404647983595352,0.017391304347826087
a2d15_base100_s42n,best.pt,dota15_20p.yaml,shapeiou,0.01,1,151.46435546875,1.5146435546875001,4,0,1.0,21168,1463,1445,148,-18,1380,21,4,0.006991685563114134,0.014354066985645933,0.015217391304347827
a2d15_base100_s42n,best.pt,dota15_20p.yaml,shapeiou,0.01,2,151.46435546875,1.5146435546875001,4,0,1.0,21168,1463,1455,148,-8,1385,22,4,0.006991685563114134,0.015037593984962405,0.01588447653429603
smokefs_base30,best.pt,firesmoke_20p.yaml,shapeiou,0.001,0,140.6411590576172,0.14064115905761718,4,0,1.0,31752,140,140,2,0,139,0,4,6.298815822625347e-05,0.0,0.0
smokefs_base30,best.pt,firesmoke_20p.yaml,shapeiou,0.001,1,140.6411590576172,0.14064115905761718,4,0,1.0,31752,140,140,4,0,138,0,4,0.00012597631645250694,0.0,0.0
smokefs_base30,best.pt,firesmoke_20p.yaml,shapeiou,0.001,2,140.6411590576172,0.14064115905761718,4,0,1.0,31752,140,140,4,0,138,0,4,0.00012597631645250694,0.0,0.0
smokefs_base30,best.pt,firesmoke_20p.yaml,shapeiou,0.003,0,140.6411590576172,0.42192347717285156,4,0,1.0,31752,140,140,10,0,135,0,4,0.0003149407911312673,0.0,0.0
smokefs_base30,best.pt,firesmoke_20p.yaml,shapeiou,0.003,1,140.6411590576172,0.42192347717285156,4,0,1.0,31752,140,140,6,0,137,0,4,0.0001889644746787604,0.0,0.0
smokefs_base30,best.pt,firesmoke_20p.yaml,shapeiou,0.003,2,140.6411590576172,0.42192347717285156,4,0,1.0,31752,140,140,16,0,132,0,4,0.0005039052658100278,0.0,0.0
smokefs_base30,best.pt,firesmoke_20p.yaml,shapeiou,0.01,0,140.6411590576172,1.4064115905761718,4,0,1.0,31752,140,141,33,1,124,0,4,0.0010393046107331821,0.0,0.0
smokefs_base30,best.pt,firesmoke_20p.yaml,shapeiou,0.01,1,140.6411590576172,1.4064115905761718,4,0,1.0,31752,140,141,21,1,130,0,4,0.0006613756613756613,0.0,0.0
smokefs_base30,best.pt,firesmoke_20p.yaml,shapeiou,0.01,2,140.6411590576172,1.4064115905761718,4,0,1.0,31752,140,140,28,0,126,0,4,0.0008818342151675485,0.0,0.0
