yaml,train_imgs,val_imgs,dataset_root
sfchd_10p_b.yaml,1206,6033,/workspace/datasets/split_5_5
sfchd_20p_b.yaml,2413,6033,/workspace/datasets/split_5_5
sfchd_20p_staged.yaml,2413,6033,/workspace/datasets/staged/split_5_5
sfchd_30p_b.yaml,3619,6033,/workspace/datasets/split_5_5
sfchd_50p_b.yaml,6033,6033,/workspace/datasets/split_5_5
sfchd_test.yaml,6033,6033,/root/sfchd_test
shwd_data_b.yaml,7581,7581,/root/shwd_new
data.yaml,1411,458,/root/datasets_mask/dota15_yolo
dota15_10p.yaml,141,458,/root/datasets_mask/dota15_yolo
dota15_20p.yaml,282,458,/root/datasets_mask/dota15_yolo
dota15_20p_3way.yaml,282,300,/root/datasets_mask/dota15_yolo
dota15_30p.yaml,423,458,/root/datasets_mask/dota15_yolo
dota15_40p.yaml,564,458,/root/datasets_mask/dota15_yolo
dota15_50p.yaml,706,458,/root/datasets_mask/dota15_yolo
data.yaml,1411,458,/root/datasets_mask/dota_yolo
dota_20p.yaml,282,458,/root/datasets_mask/dota_yolo
face_masks_v8.yaml,0,0,
data.yaml,0,0,/root/datasets_mask/fire_smoke_mscope
data.yaml,0,0,/root/datasets_mask/firesmoke_clean
firesmoke20_3way.yaml,11232,2000,/root/datasets_mask/firesmoke_clean
firesmoke_20p.yaml,11232,6345,/root/datasets_mask/firesmoke_clean
data.yaml,0,0,/root/datasets_mask/mafa_yolo
data.yaml,0,0,/root/datasets_mask/mask_clean
mask20_3way.yaml,1224,900,/root/datasets_mask/mask_clean
mask_20p.yaml,1224,920,/root/datasets_mask/mask_clean
mask_clean_10p.yaml,612,920,/root/datasets_mask/mask_clean
mask_clean_20p.yaml,1224,920,/root/datasets_mask/mask_clean
mask_clean_30p.yaml,1836,920,/root/datasets_mask/mask_clean
mask_clean_40p.yaml,2448,920,/root/datasets_mask/mask_clean
mask_clean_50p.yaml,3060,920,/root/datasets_mask/mask_clean
data.yaml,5750,800,/root/datasets_mask/mendeley_yolo
mende20_3way.yaml,1150,1000,/root/datasets_mask/mendeley_yolo
mende_20p.yaml,1150,800,/root/datasets_mask/mendeley_yolo
data.yaml,555,138,/root/datasets_mask/pcb_yolo
pcb_20p.yaml,111,138,/root/datasets_mask/pcb_yolo
data.yaml,0,0,/root/datasets_mask/smoke_keremberke
smoke_keremberke_10p.yaml,1510,4322,/root/datasets_mask/smoke_keremberke
smoke_keremberke_20p.yaml,3019,4322,/root/datasets_mask/smoke_keremberke
smoke_keremberke_30p.yaml,4529,4322,/root/datasets_mask/smoke_keremberke
smoke_keremberke_40p.yaml,6038,4322,/root/datasets_mask/smoke_keremberke
smoke_keremberke_50p.yaml,7548,4322,/root/datasets_mask/smoke_keremberke
vhr10.yaml,520,65,/root/datasets_mask/vhr10_yolo
VisDrone.yaml,0,0,D:\deepseek\datasets_mask\VisDrone\VisDrone_dataset
data.yaml,6471,548,/root/datasets_mask/visdrone
visdrone_20p.yaml,1294,548,/root/datasets_mask/visdrone
visdrone_20p_3way.yaml,1294,500,/root/datasets_mask/visdrone
chv.yaml,1064,133,/root/workspace/data/chv
chv_10p.yaml,106,133,/root/workspace/data/chv
chv_20p.yaml,213,133,/root/workspace/data/chv
chv_30p.yaml,319,133,/root/workspace/data/chv
chv_40p.yaml,426,133,/root/workspace/data/chv
chv_50p.yaml,532,133,/root/workspace/data/chv
gc10_det.yaml,1840,230,/root/workspace/data/gc10_det
gdut_hwd.yaml,1389,198,/root/workspace/data/gdut_hwd
gdut_hwd_10p.yaml,139,198,/root/workspace/data/gdut_hwd
gdut_hwd_20p.yaml,278,198,/root/workspace/data/gdut_hwd
gdut_hwd_30p.yaml,417,198,/root/workspace/data/gdut_hwd
gdut_hwd_40p.yaml,556,198,/root/workspace/data/gdut_hwd
gdut_hwd_50p.yaml,694,198,/root/workspace/data/gdut_hwd
neu_det.yaml,1437,179,/root/workspace/data/neu_det
neu_det_10p.yaml,144,179,/root/workspace/data/neu_det
neu_det_20p.yaml,287,179,/root/workspace/data/neu_det
neu_det_30p.yaml,431,179,/root/workspace/data/neu_det
neu_det_40p.yaml,575,179,/root/workspace/data/neu_det
neu_det_50p.yaml,718,179,/root/workspace/data/neu_det
ppe5.yaml,3447,164,/root/workspace/data/ppe5
roboflow_hardhat.yaml,13782,3962,/root/workspace/data/roboflow_hardhat
