domain,split,n_img,n_box,box_per_img,empty_ratio,area_median,small_ratio
mask_clean,train,6120,2985,0.488,0.61,0.088312,0.008
mask_clean,val,920,498,0.541,0.559,0.081238,0.02
mask_clean,test,919,543,0.591,0.535,0.08022,0.006
mask_clean,train_mask_20p,1224,614,0.502,0.61,0.077828,0.003
mendeley,train,5750,2963,0.515,0.595,0.007396,0.124
mendeley,val,800,472,0.59,0.537,0.007944,0.061
mendeley,train_mende_20p,1150,578,0.503,0.589,0.008256,0.08
firesmoke,train,56161,59900,1.067,0.329,0.050629,0.096
firesmoke,val,6345,6844,1.079,0.344,0.04528,0.102
firesmoke,test,6411,7083,1.105,0.327,0.049128,0.095
firesmoke,train_firesmoke_20p,11232,11753,1.046,0.338,0.050977,0.1
smoke_ker,train,15096,15096,1.0,0.0,0.360694,0.0
smoke_ker,test,2160,2160,1.0,0.0,0.360425,0.0
visdrone,train,6471,343204,53.037,0.0,0.000462,0.853
visdrone,val,548,38759,70.728,0.0,0.000552,0.859
visdrone,test,1610,75102,46.647,0.0,0.000395,0.874
visdrone,train_visdrone_20p,1294,70111,54.182,0.0,0.000468,0.844
aitod,train,11214,282580,25.199,0.0,0.000223,0.99
aitod,val,2804,70424,25.116,0.0,0.000219,0.991
aitod,train_aitod_20p,2243,54740,24.405,0.0,0.000225,0.991
dota15,train,1411,119430,84.642,0.001,0.000188,0.908
dota15,val,458,37035,80.862,0.0,0.000195,0.901
dota15,train_dota15_20p,282,39464,139.943,0.0,7.4e-05,0.936
dota,train,1411,98990,70.156,0.001,0.000298,0.886
dota,val,458,28853,62.998,0.004,0.000362,0.869
dota,train_dota_20p,282,19457,68.996,0.004,0.000285,0.872
