pair,n1,n2,W2_sliced200,label_term,s_OTDD
VALIDATE MAFA->mask,4000,4000,0.3108,51.5913,7.1894
dota15_tr->aitod_tr,1411,4000,0.2732,26.6809,5.1726
aitod_tr->visdrone_tr,4000,4000,0.4386,76.7882,8.7739
visdrone_tr->dota15_tr,4000,1411,0.4616,64.1488,8.0226
dota15_val->aitod_tr,458,4000,0.3393,23.9978,4.9105
aitod_tr->dota15_tr,4000,1411,0.2732,26.6809,5.1726
visdrone_tr->aitod_tr,4000,4000,0.4386,76.7882,8.7739
dota15_val->visdrone_tr,458,4000,0.4487,64.6215,8.0513
visdrone_te->dota15_val,1610,458,0.4267,58.6596,7.6708
dota_tr->aitod_tr,1411,4000,0.2732,26.5789,5.1627
dota_tr->visdrone_tr,1411,4000,0.4616,64.0468,8.0162
dota_tr->dota15_tr,1411,1411,0.0,0.5456,0.7386
dota_tr->aitod_val,1411,2804,0.31,47.6093,6.9069
dota_tr->dota15_val,1411,458,0.1605,1.1246,1.0726
